".rownames","X2.5.","X25.","X50.","X75.","X97.5.","tree","varnames","prior","model"
"Lh",-67.45938265,-63.9466425,-62.685677,-61.7607855,-60.755630875,"iqtree","Rec_binary_v_bristle_binary","uniform","independent"
"alpha1",0.011674,0.12220175,0.274486,0.514198,1.27356,"iqtree","Rec_binary_v_bristle_binary","uniform","independent"
"beta1",0.518143975,0.884515,1.1348465,1.42943325,2.12858915,"iqtree","Rec_binary_v_bristle_binary","uniform","independent"
"alpha2",0.011681,0.12541075,0.28677,0.546228,1.4058433,"iqtree","Rec_binary_v_bristle_binary","uniform","independent"
"beta2",0.73820495,1.18061775,1.4748525,1.81641125,2.632708175,"iqtree","Rec_binary_v_bristle_binary","uniform","independent"
"Root...P.0.0.",0.00457397500000001,0.063199,0.144586,0.249366,0.448771075,"iqtree","Rec_binary_v_bristle_binary","uniform","independent"
"Root...P.0.1.",0.018972975,0.145143,0.250769,0.373418,0.624274125,"iqtree","Rec_binary_v_bristle_binary","uniform","independent"
"Root...P.1.0.",0.012964975,0.105168,0.192332,0.30299625,0.548247,"iqtree","Rec_binary_v_bristle_binary","uniform","independent"
"Root...P.1.1.",0.095601,0.21393275,0.315943,0.451491,0.76528005,"iqtree","Rec_binary_v_bristle_binary","uniform","independent"
"Lh",-46.991657075,-43.2249585,-41.8044265,-40.66583575,-39.081337975,"iqtree","Rec_binary_v_bristle_binary","uniform","dependent"
"q12",0.015425,0.18034075,0.4573015,1.0161175,4.20964917499999,"iqtree","Rec_binary_v_bristle_binary","uniform","dependent"
"q13",0.021471975,0.25866575,0.704479,1.9628,12.07874465,"iqtree","Rec_binary_v_bristle_binary","uniform","dependent"
"q21",5.4221077,33.24697275,54.9607815,76.83753825,97.598615275,"iqtree","Rec_binary_v_bristle_binary","uniform","dependent"
"q24",1.771111525,21.4950585,44.4515195,69.59128375,96.65611685,"iqtree","Rec_binary_v_bristle_binary","uniform","dependent"
"q31",3.18084895,15.72152725,30.640026,54.03480075,93.8891074,"iqtree","Rec_binary_v_bristle_binary","uniform","dependent"
"q34",0.512989175,8.46153625,27.942371,57.26390425,95.03272165,"iqtree","Rec_binary_v_bristle_binary","uniform","dependent"
"q42",0.025819975,0.28701575,0.671264,1.293846,3.473121425,"iqtree","Rec_binary_v_bristle_binary","uniform","dependent"
"q43",0.40792095,1.25409375,2.0266355,3.5121975,9.4216282,"iqtree","Rec_binary_v_bristle_binary","uniform","dependent"
"Root...P.0.0.",0.039359,0.126628,0.183567,0.236732,0.331274025,"iqtree","Rec_binary_v_bristle_binary","uniform","dependent"
"Root...P.0.1.",0.178487,0.300656,0.347563,0.40052525,0.546206025,"iqtree","Rec_binary_v_bristle_binary","uniform","dependent"
"Root...P.1.0.",0.12165495,0.253402,0.306118,0.35355125,0.477184025,"iqtree","Rec_binary_v_bristle_binary","uniform","dependent"
"Root...P.1.1.",0.069317,0.117998,0.152036,0.19394525,0.316707025,"iqtree","Rec_binary_v_bristle_binary","uniform","dependent"
"Lh",-67.1438203,-63.799029,-62.590393,-61.702245,-60.73622195,"iqtree","Rec_binary_v_bristle_binary","exp","independent"
"alpha1",0.011228,0.11777675,0.265082,0.496772,1.221836025,"iqtree","Rec_binary_v_bristle_binary","exp","independent"
"beta1",0.50878685,0.87073875,1.117123,1.40643225,2.092197225,"iqtree","Rec_binary_v_bristle_binary","exp","independent"
"alpha2",0.011161,0.119941,0.2747415,0.52288525,1.331009275,"iqtree","Rec_binary_v_bristle_binary","exp","independent"
"beta2",0.725647875,1.160016,1.448577,1.783854,2.5753224,"iqtree","Rec_binary_v_bristle_binary","exp","independent"
"Root...P.0.0.",0.004423,0.06127275,0.14131,0.245607,0.447083025,"iqtree","Rec_binary_v_bristle_binary","exp","independent"
"Root...P.0.1.",0.018714,0.144079,0.250217,0.37377925,0.625403025,"iqtree","Rec_binary_v_bristle_binary","exp","independent"
"Root...P.1.0.",0.012640975,0.103979,0.191155,0.30233625,0.548854025,"iqtree","Rec_binary_v_bristle_binary","exp","independent"
"Root...P.1.1.",0.096319,0.216406,0.319909,0.456612,0.77001005,"iqtree","Rec_binary_v_bristle_binary","exp","independent"
"Lh",-46.013389175,-42.60366225,-41.272943,-40.22314325,-38.860715925,"iqtree","Rec_binary_v_bristle_binary","exp","dependent"
"q12",0.011306975,0.13189275,0.3315585,0.7231225,2.64979515,"iqtree","Rec_binary_v_bristle_binary","exp","dependent"
"q13",0.015875,0.184945,0.4660185,1.0274225,3.92565805,"iqtree","Rec_binary_v_bristle_binary","exp","dependent"
"q21",1.05886685,8.275818,15.9201225,26.3983805,53.2387269,"iqtree","Rec_binary_v_bristle_binary","exp","dependent"
"q24",0.4104538,4.27664225,9.762178,18.51365075,43.927187,"iqtree","Rec_binary_v_bristle_binary","exp","dependent"
"q31",3.38368435,10.13642825,15.517685,22.74829025,43.215843025,"iqtree","Rec_binary_v_bristle_binary","exp","dependent"
"q34",0.312162375,3.35979425,7.62991,14.3533,35.44169125,"iqtree","Rec_binary_v_bristle_binary","exp","dependent"
"q42",0.01356,0.158593,0.390291,0.78491525,2.104536625,"iqtree","Rec_binary_v_bristle_binary","exp","dependent"
"q43",0.451234975,1.07212675,1.509342,2.0908075,4.2058332,"iqtree","Rec_binary_v_bristle_binary","exp","dependent"
"Root...P.0.0.",0.021973,0.083322,0.133188,0.18924,0.302789025,"iqtree","Rec_binary_v_bristle_binary","exp","dependent"
"Root...P.0.1.",0.108960975,0.276843,0.347362,0.408021,0.557669,"iqtree","Rec_binary_v_bristle_binary","exp","dependent"
"Root...P.1.0.",0.110614975,0.285266,0.352446,0.413723,0.58134205,"iqtree","Rec_binary_v_bristle_binary","exp","dependent"
"Root...P.1.1.",0.058618,0.109751,0.151022,0.207932,0.387617,"iqtree","Rec_binary_v_bristle_binary","exp","dependent"
"Lh",-67.9435706,-66.22222925,-65.952369,-61.53853325,-60.523317925,"iqtree","Rec_binary_v_bristle_binary","rjhp","independent"
"No.Off.Parmeters",1,1,1,2,2,"iqtree","Rec_binary_v_bristle_binary","rjhp","independent"
"No.Off.Zero",0,0,0,0,1,"iqtree","Rec_binary_v_bristle_binary","rjhp","independent"
"alpha1",0,0.07754375,0.563192,0.79847975,1.188511075,"iqtree","Rec_binary_v_bristle_binary","rjhp","independent"
"beta1",0.473061,0.709307,0.8761895,1.079302,1.5326091,"iqtree","Rec_binary_v_bristle_binary","rjhp","independent"
"alpha2",0.000028,0.109122,0.605506,0.823986,1.219904,"iqtree","Rec_binary_v_bristle_binary","rjhp","independent"
"beta2",0.479594,0.712483,0.8793425,1.083012,1.539642125,"iqtree","Rec_binary_v_bristle_binary","rjhp","independent"
"Root...P.0.0.",0,0.029618,0.5505135,0.588919,0.610903,"iqtree","Rec_binary_v_bristle_binary","rjhp","independent"
"Root...P.0.1.",0,0.16048575,0.177916,0.18802625,0.619566424999991,"iqtree","Rec_binary_v_bristle_binary","rjhp","independent"
"Root...P.1.0.",0.000089,0.17046275,0.178856,0.191231,0.760348025,"iqtree","Rec_binary_v_bristle_binary","rjhp","independent"
"Root...P.1.1.",0.047689,0.05409,0.066537,0.4704455,0.969636,"iqtree","Rec_binary_v_bristle_binary","rjhp","independent"
"RJRates...Shape",0.183603,0.50194875,0.695213,0.85393925,0.985752,"iqtree","Rec_binary_v_bristle_binary","rjhp","independent"
"RJRates...Scale",0.252635975,0.510661,0.6862735,0.84379925,0.98433,"iqtree","Rec_binary_v_bristle_binary","rjhp","independent"
"Lh",-50.2847147,-47.8024505,-47.0929405,-42.20822725,-39.12555365,"iqtree","Rec_binary_v_bristle_binary","rjhp","dependent"
"No.Off.Parmeters",1,1,1,2,2,"iqtree","Rec_binary_v_bristle_binary","rjhp","dependent"
"No.Off.Zero",2,3,3,4,4,"iqtree","Rec_binary_v_bristle_binary","rjhp","dependent"
"q12",0,0,0,0,0,"iqtree","Rec_binary_v_bristle_binary","rjhp","dependent"
"q13",0,0,0,0,0.0129140499999998,"iqtree","Rec_binary_v_bristle_binary","rjhp","dependent"
"q21",0,0,2.2625795,3.4979355,7.6206271,"iqtree","Rec_binary_v_bristle_binary","rjhp","dependent"
"q24",0.723554675,2.17860575,2.871588,4.341746,8.007007475,"iqtree","Rec_binary_v_bristle_binary","rjhp","dependent"
"q31",1.5773349,2.38966875,3.134269,4.81199125,8.2450575,"iqtree","Rec_binary_v_bristle_binary","rjhp","dependent"
"q34",0.662091225,2.281015,2.9870585,4.54971225,8.021303325,"iqtree","Rec_binary_v_bristle_binary","rjhp","dependent"
"q42",0,0,0,0,0.620386125,"iqtree","Rec_binary_v_bristle_binary","rjhp","dependent"
"q43",0.62034795,1.40412175,2.0591145,2.67457975,3.8588591,"iqtree","Rec_binary_v_bristle_binary","rjhp","dependent"
"Root...P.0.0.",0,0,0,0,0.0640060249999999,"iqtree","Rec_binary_v_bristle_binary","rjhp","dependent"
"Root...P.0.1.",0.001793,0.02124675,0.431524,0.448409,0.57859305,"iqtree","Rec_binary_v_bristle_binary","rjhp","dependent"
"Root...P.1.0.",0.22040295,0.441216,0.462633,0.760595,0.890784025,"iqtree","Rec_binary_v_bristle_binary","rjhp","dependent"
"Root...P.1.1.",0.044685,0.096035,0.119806,0.167213,0.261108,"iqtree","Rec_binary_v_bristle_binary","rjhp","dependent"
"RJRates...Shape",0.262579,0.629533,0.796941,0.910815,0.991852,"iqtree","Rec_binary_v_bristle_binary","rjhp","dependent"
"RJRates...Scale",0.48782595,0.754323,0.867872,0.942651,0.994825,"iqtree","Rec_binary_v_bristle_binary","rjhp","dependent"
"Lh",-67.0382189,-63.548918,-62.2908035,-61.36658175,-60.364102925,"exabayes","Rec_binary_v_bristle_binary","uniform","independent"
"alpha1",0.011307,0.119836,0.269471,0.505427,1.248427425,"exabayes","Rec_binary_v_bristle_binary","uniform","independent"
"beta1",0.51435495,0.88008475,1.128168,1.420651,2.115996075,"exabayes","Rec_binary_v_bristle_binary","uniform","independent"
"alpha2",0.011378,0.12272575,0.280435,0.533621,1.368075,"exabayes","Rec_binary_v_bristle_binary","uniform","independent"
"beta2",0.734436975,1.174383,1.466483,1.8061555,2.6099441,"exabayes","Rec_binary_v_bristle_binary","uniform","independent"
"Root...P.0.0.",0.004554,0.063209,0.144277,0.249224,0.449801,"exabayes","Rec_binary_v_bristle_binary","uniform","independent"
"Root...P.0.1.",0.019009,0.14548,0.251083,0.373968,0.62542205,"exabayes","Rec_binary_v_bristle_binary","uniform","independent"
"Root...P.1.0.",0.012895,0.104891,0.191835,0.30229,0.54819,"exabayes","Rec_binary_v_bristle_binary","uniform","independent"
"Root...P.1.1.",0.09478,0.213517,0.316179,0.45171125,0.765143075,"exabayes","Rec_binary_v_bristle_binary","uniform","independent"
"Lh",-46.755536475,-43.00885175,-41.589991,-40.455104,-38.86475975,"exabayes","Rec_binary_v_bristle_binary","uniform","dependent"
"q12",0.015178,0.177564,0.45027,1.002387,4.18820502499999,"exabayes","Rec_binary_v_bristle_binary","uniform","dependent"
"q13",0.021300975,0.255435,0.6967155,1.961154,12.13351395,"exabayes","Rec_binary_v_bristle_binary","uniform","dependent"
"q21",5.4448199,33.25464825,54.94599,76.7876595,97.614340375,"exabayes","Rec_binary_v_bristle_binary","uniform","dependent"
"q24",1.735393125,21.293388,44.237424,69.4552785,96.64000885,"exabayes","Rec_binary_v_bristle_binary","uniform","dependent"
"q31",3.16192485,15.6661925,30.5711065,54.00865625,93.851244875,"exabayes","Rec_binary_v_bristle_binary","uniform","dependent"
"q34",0.493093,8.11834,27.282945,56.780563,94.96807225,"exabayes","Rec_binary_v_bristle_binary","uniform","dependent"
"q42",0.02575,0.2858505,0.668004,1.285178,3.451278475,"exabayes","Rec_binary_v_bristle_binary","uniform","dependent"
"q43",0.400700875,1.2391665,1.997929,3.470172,9.367407875,"exabayes","Rec_binary_v_bristle_binary","uniform","dependent"
"Root...P.0.0.",0.039553,0.126478,0.1830735,0.236069,0.331960025,"exabayes","Rec_binary_v_bristle_binary","uniform","dependent"
"Root...P.0.1.",0.17796,0.301289,0.348308,0.401286,0.547411075,"exabayes","Rec_binary_v_bristle_binary","uniform","dependent"
"Root...P.1.0.",0.120828975,0.252745,0.306104,0.353493,0.477083075,"exabayes","Rec_binary_v_bristle_binary","uniform","dependent"
"Root...P.1.1.",0.068804,0.117609,0.151781,0.19402825,0.317664,"exabayes","Rec_binary_v_bristle_binary","uniform","dependent"
"Lh",-66.733226525,-63.4044315,-62.196986,-61.3123725,-60.348619875,"exabayes","Rec_binary_v_bristle_binary","exp","independent"
"alpha1",0.011007,0.11600175,0.260988,0.4890635,1.201521025,"exabayes","Rec_binary_v_bristle_binary","exp","independent"
"beta1",0.506905,0.86612875,1.111344,1.398784,2.080272225,"exabayes","Rec_binary_v_bristle_binary","exp","independent"
"alpha2",0.010945975,0.11770975,0.269274,0.5113865,1.29810505,"exabayes","Rec_binary_v_bristle_binary","exp","independent"
"beta2",0.722513,1.155006,1.442284,1.774831,2.55630605,"exabayes","Rec_binary_v_bristle_binary","exp","independent"
"Root...P.0.0.",0.004397,0.061578,0.1415155,0.245866,0.447520025,"exabayes","Rec_binary_v_bristle_binary","exp","independent"
"Root...P.0.1.",0.018798975,0.14468,0.250844,0.374565,0.626185025,"exabayes","Rec_binary_v_bristle_binary","exp","independent"
"Root...P.1.0.",0.012664,0.103628,0.1907195,0.30166,0.547277025,"exabayes","Rec_binary_v_bristle_binary","exp","independent"
"Root...P.1.1.",0.095615975,0.21603675,0.319721,0.456432,0.769311149999999,"exabayes","Rec_binary_v_bristle_binary","exp","independent"
"Lh",-45.77290625,-42.36298,-41.032738,-39.9875945,-38.629273925,"exabayes","Rec_binary_v_bristle_binary","exp","dependent"
"q12",0.011259,0.130665,0.328759,0.71558325,2.627171075,"exabayes","Rec_binary_v_bristle_binary","exp","dependent"
"q13",0.015934975,0.184921,0.4654955,1.0235035,3.899455275,"exabayes","Rec_binary_v_bristle_binary","exp","dependent"
"q21",1.065351325,8.279093,15.896041,26.36840775,53.111403075,"exabayes","Rec_binary_v_bristle_binary","exp","dependent"
"q24",0.407220875,4.2369705,9.68662,18.41502725,43.739607275,"exabayes","Rec_binary_v_bristle_binary","exp","dependent"
"q31",3.374697625,10.10280125,15.4412245,22.62158375,43.041405075,"exabayes","Rec_binary_v_bristle_binary","exp","dependent"
"q34",0.30415785,3.25694325,7.4452995,14.06675925,35.133102175,"exabayes","Rec_binary_v_bristle_binary","exp","dependent"
"q42",0.013609975,0.15843075,0.389206,0.78089725,2.088043025,"exabayes","Rec_binary_v_bristle_binary","exp","dependent"
"q43",0.4468509,1.06399275,1.4957225,2.06781,4.152800875,"exabayes","Rec_binary_v_bristle_binary","exp","dependent"
"Root...P.0.0.",0.022451,0.084229,0.134245,0.189866,0.303869,"exabayes","Rec_binary_v_bristle_binary","exp","dependent"
"Root...P.0.1.",0.109454975,0.277294,0.347549,0.407996,0.557834,"exabayes","Rec_binary_v_bristle_binary","exp","dependent"
"Root...P.1.0.",0.110298975,0.284172,0.351575,0.412681,0.580125,"exabayes","Rec_binary_v_bristle_binary","exp","dependent"
"Root...P.1.1.",0.058316975,0.109467,0.150933,0.208016,0.388463075,"exabayes","Rec_binary_v_bristle_binary","exp","dependent"
"Lh",-67.5937551,-65.879174,-65.6195,-61.0957825,-60.135733975,"exabayes","Rec_binary_v_bristle_binary","rjhp","independent"
"No.Off.Parmeters",1,1,1,2,2,"exabayes","Rec_binary_v_bristle_binary","rjhp","independent"
"No.Off.Zero",0,0,0,0,1,"exabayes","Rec_binary_v_bristle_binary","rjhp","independent"
"alpha1",0,0.07278875,0.545905,0.787136,1.174206275,"exabayes","Rec_binary_v_bristle_binary","rjhp","independent"
"beta1",0.470506975,0.70688775,0.8740145,1.077239,1.530173025,"exabayes","Rec_binary_v_bristle_binary","rjhp","independent"
"alpha2",0.000056,0.102231,0.5919875,0.813783,1.207364125,"exabayes","Rec_binary_v_bristle_binary","rjhp","independent"
"beta2",0.476869,0.71006475,0.876998,1.08086225,1.5369001,"exabayes","Rec_binary_v_bristle_binary","rjhp","independent"
"Root...P.0.0.",0,0.027837,0.54876,0.592368,0.614829,"exabayes","Rec_binary_v_bristle_binary","rjhp","independent"
"Root...P.0.1.",0,0.156455,0.176587,0.187186,0.599229299999999,"exabayes","Rec_binary_v_bristle_binary","rjhp","independent"
"Root...P.1.0.",0.000186,0.168858,0.177578,0.190899,0.762726,"exabayes","Rec_binary_v_bristle_binary","rjhp","independent"
"Root...P.1.1.",0.046599,0.053051,0.06712,0.48562225,0.970564,"exabayes","Rec_binary_v_bristle_binary","rjhp","independent"
"RJRates...Shape",0.183458,0.501255,0.694245,0.85333725,0.985495,"exabayes","Rec_binary_v_bristle_binary","rjhp","independent"
"RJRates...Scale",0.251557975,0.51025675,0.685683,0.843133,0.984075,"exabayes","Rec_binary_v_bristle_binary","rjhp","independent"
"Lh",-49.967533,-47.50216125,-46.7947835,-41.9843985,-38.8885125,"exabayes","Rec_binary_v_bristle_binary","rjhp","dependent"
"No.Off.Parmeters",1,1,1,2,2,"exabayes","Rec_binary_v_bristle_binary","rjhp","dependent"
"No.Off.Zero",2,3,3,4,4,"exabayes","Rec_binary_v_bristle_binary","rjhp","dependent"
"q12",0,0,0,0,0,"exabayes","Rec_binary_v_bristle_binary","rjhp","dependent"
"q13",0,0,0,0,0.013238,"exabayes","Rec_binary_v_bristle_binary","rjhp","dependent"
"q21",0,0,2.239612,3.44884975,7.542084,"exabayes","Rec_binary_v_bristle_binary","rjhp","dependent"
"q24",0.712491875,2.15574675,2.835993,4.274923,7.92993604999999,"exabayes","Rec_binary_v_bristle_binary","rjhp","dependent"
"q31",1.563764975,2.3628205,3.090682,4.745856,8.163839025,"exabayes","Rec_binary_v_bristle_binary","rjhp","dependent"
"q34",0.600186025000001,2.249946,2.94128,4.465963,7.9308992,"exabayes","Rec_binary_v_bristle_binary","rjhp","dependent"
"q42",0,0,0,0,0.614796349999999,"exabayes","Rec_binary_v_bristle_binary","rjhp","dependent"
"q43",0.61663095,1.4019205,2.0470895,2.65267975,3.8220411,"exabayes","Rec_binary_v_bristle_binary","rjhp","dependent"
"Root...P.0.0.",0,0,0,0,0.0662060749999997,"exabayes","Rec_binary_v_bristle_binary","rjhp","dependent"
"Root...P.0.1.",0.001766,0.020258,0.432557,0.449192,0.587699125,"exabayes","Rec_binary_v_bristle_binary","rjhp","dependent"
"Root...P.1.0.",0.2096359,0.441995,0.462495,0.763915,0.891685,"exabayes","Rec_binary_v_bristle_binary","rjhp","dependent"
"Root...P.1.1.",0.043967,0.094965,0.118369,0.165964,0.259613,"exabayes","Rec_binary_v_bristle_binary","rjhp","dependent"
"RJRates...Shape",0.262618825,0.628841,0.796435,0.910669,0.991879,"exabayes","Rec_binary_v_bristle_binary","rjhp","dependent"
"RJRates...Scale",0.485164,0.752201,0.866583,0.942085,0.994732,"exabayes","Rec_binary_v_bristle_binary","rjhp","dependent"
"Lh",-80.888741825,-77.53967575,-76.328567,-75.447109,-74.516198775,"hybrid28S","Rec_binary_v_bristle_binary","uniform","independent"
"alpha1",0.011443,0.1162,0.255437,0.468938,1.118557025,"hybrid28S","Rec_binary_v_bristle_binary","uniform","independent"
"beta1",0.38620195,0.63824375,0.807579,1.00481925,1.467352025,"hybrid28S","Rec_binary_v_bristle_binary","uniform","independent"
"alpha2",0.012198,0.12757275,0.283379,0.52274325,1.251393025,"hybrid28S","Rec_binary_v_bristle_binary","uniform","independent"
"beta2",0.591944,0.911435,1.1187085,1.356691,1.907987,"hybrid28S","Rec_binary_v_bristle_binary","uniform","independent"
"Root...P.0.0.",0.007741,0.096105,0.203218,0.32716225,0.53502305,"hybrid28S","Rec_binary_v_bristle_binary","uniform","independent"
"Root...P.0.1.",0.022749975,0.152411,0.254964,0.382687,0.65454805,"hybrid28S","Rec_binary_v_bristle_binary","uniform","independent"
"Root...P.1.0.",0.014798,0.10776775,0.19257,0.30810225,0.578009,"hybrid28S","Rec_binary_v_bristle_binary","uniform","independent"
"Root...P.1.1.",0.063387975,0.15378,0.241036,0.366883,0.700363199999999,"hybrid28S","Rec_binary_v_bristle_binary","uniform","independent"
"Lh",-58.785932625,-54.98726225,-53.449255,-52.11022275,-49.912668725,"hybrid28S","Rec_binary_v_bristle_binary","uniform","dependent"
"q12",0.01416495,0.16592475,0.420187,0.9298255,3.86718455,"hybrid28S","Rec_binary_v_bristle_binary","uniform","dependent"
"q13",0.026257,0.337828,1.1117715,4.829282,22.387987525,"hybrid28S","Rec_binary_v_bristle_binary","uniform","dependent"
"q21",5.475824375,33.16361275,54.700656,76.432573,97.525399125,"hybrid28S","Rec_binary_v_bristle_binary","uniform","dependent"
"q24",1.8728837,22.053515,44.914877,69.49830025,96.589616075,"hybrid28S","Rec_binary_v_bristle_binary","uniform","dependent"
"q31",3.72479485,13.019442,25.329235,50.43861975,93.81994935,"hybrid28S","Rec_binary_v_bristle_binary","uniform","dependent"
"q34",0.194501875,2.6297015,8.820237,25.61880525,84.3414011,"hybrid28S","Rec_binary_v_bristle_binary","uniform","dependent"
"q42",0.015948975,0.178995,0.422467,0.829393,2.274353375,"hybrid28S","Rec_binary_v_bristle_binary","uniform","dependent"
"q43",0.285958975,0.84586775,1.246911,2.00139475,6.6982611,"hybrid28S","Rec_binary_v_bristle_binary","uniform","dependent"
"Root...P.0.0.",0.037919,0.124589,0.182387,0.236029,0.33251105,"hybrid28S","Rec_binary_v_bristle_binary","uniform","dependent"
"Root...P.0.1.",0.18490795,0.331153,0.388353,0.452433,0.617522025,"hybrid28S","Rec_binary_v_bristle_binary","uniform","dependent"
"Root...P.1.0.",0.099722975,0.235064,0.3019665,0.359377,0.502153075,"hybrid28S","Rec_binary_v_bristle_binary","uniform","dependent"
"Root...P.1.1.",0.048433975,0.085957,0.115016,0.15403925,0.272877,"hybrid28S","Rec_binary_v_bristle_binary","uniform","dependent"
"Lh",-80.6753145,-77.430093,-76.256705,-75.40386,-74.502392675,"hybrid28S","Rec_binary_v_bristle_binary","exp","independent"
"alpha1",0.01108,0.113033,0.24841,0.45570125,1.083934025,"hybrid28S","Rec_binary_v_bristle_binary","exp","independent"
"beta1",0.381757,0.63194475,0.799658,0.9950675,1.451616075,"hybrid28S","Rec_binary_v_bristle_binary","exp","independent"
"alpha2",0.011813,0.122942,0.2733565,0.50520625,1.206079025,"hybrid28S","Rec_binary_v_bristle_binary","exp","independent"
"beta2",0.585414975,0.901508,1.1063985,1.340938,1.884551075,"hybrid28S","Rec_binary_v_bristle_binary","exp","independent"
"Root...P.0.0.",0.007474,0.093524,0.199058,0.32258525,0.532313,"hybrid28S","Rec_binary_v_bristle_binary","exp","independent"
"Root...P.0.1.",0.022401,0.151978,0.255255,0.38362625,0.654696025,"hybrid28S","Rec_binary_v_bristle_binary","exp","independent"
"Root...P.1.0.",0.014503,0.107114,0.1921655,0.307585,0.577600025,"hybrid28S","Rec_binary_v_bristle_binary","exp","independent"
"Root...P.1.1.",0.064154975,0.156535,0.2449295,0.371757,0.705253,"hybrid28S","Rec_binary_v_bristle_binary","exp","independent"
"Lh",-56.96163375,-53.49592975,-52.1314375,-51.03549375,-49.568032,"hybrid28S","Rec_binary_v_bristle_binary","exp","dependent"
"q12",0.010039975,0.117395,0.294485,0.641842,2.39305105,"hybrid28S","Rec_binary_v_bristle_binary","exp","dependent"
"q13",0.015323975,0.178225,0.4549375,1.0230725,4.28303565,"hybrid28S","Rec_binary_v_bristle_binary","exp","dependent"
"q21",0.942924425,7.53860225,14.718262,24.82055325,51.4748673,"hybrid28S","Rec_binary_v_bristle_binary","exp","dependent"
"q24",0.409927725,4.245128,9.7144225,18.4549135,44.0226131,"hybrid28S","Rec_binary_v_bristle_binary","exp","dependent"
"q31",3.784093725,8.7915625,12.865989,18.4915695,35.841555125,"hybrid28S","Rec_binary_v_bristle_binary","exp","dependent"
"q34",0.29589295,2.9205055,6.306555,11.34411575,27.2280165,"hybrid28S","Rec_binary_v_bristle_binary","exp","dependent"
"q42",0.007746,0.089353,0.2192215,0.44673725,1.273524725,"hybrid28S","Rec_binary_v_bristle_binary","exp","dependent"
"q43",0.475029,0.90804875,1.209997,1.61026625,3.012541,"hybrid28S","Rec_binary_v_bristle_binary","exp","dependent"
"Root...P.0.0.",0.021187,0.080316,0.129348,0.185678,0.304089,"hybrid28S","Rec_binary_v_bristle_binary","exp","dependent"
"Root...P.0.1.",0.102915975,0.28974775,0.370476,0.43615625,0.59368,"hybrid28S","Rec_binary_v_bristle_binary","exp","dependent"
"Root...P.1.0.",0.122170975,0.30770075,0.375074,0.441679,0.628998075,"hybrid28S","Rec_binary_v_bristle_binary","exp","dependent"
"Root...P.1.1.",0.041285,0.078145,0.109634,0.15564,0.3098891,"hybrid28S","Rec_binary_v_bristle_binary","exp","dependent"
"Lh",-80.774009625,-78.968908,-78.5798715,-78.469472,-74.585062975,"hybrid28S","Rec_binary_v_bristle_binary","rjhp","independent"
"No.Off.Parmeters",1,1,1,1,2,"hybrid28S","Rec_binary_v_bristle_binary","rjhp","independent"
"No.Off.Zero",0,0,0,0,1,"hybrid28S","Rec_binary_v_bristle_binary","rjhp","independent"
"alpha1",0,0.448426,0.601133,0.72712125,0.991757025,"hybrid28S","Rec_binary_v_bristle_binary","rjhp","independent"
"beta1",0.400346975,0.566542,0.6724695,0.79762525,1.087756025,"hybrid28S","Rec_binary_v_bristle_binary","rjhp","independent"
"alpha2",0.00327697500000001,0.48351375,0.616842,0.73996,1.003331,"hybrid28S","Rec_binary_v_bristle_binary","rjhp","independent"
"beta2",0.405806975,0.569141,0.674972,0.800965,1.097641,"hybrid28S","Rec_binary_v_bristle_binary","rjhp","independent"
"Root...P.0.0.",0,0.568446,0.595898,0.606768,0.619862,"hybrid28S","Rec_binary_v_bristle_binary","rjhp","independent"
"Root...P.0.1.",0,0.170209,0.174044,0.17881,0.284368075,"hybrid28S","Rec_binary_v_bristle_binary","rjhp","independent"
"Root...P.1.0.",0.013679,0.170811,0.174566,0.179883,0.771802,"hybrid28S","Rec_binary_v_bristle_binary","rjhp","independent"
"Root...P.1.1.",0.045228,0.048857,0.052002,0.060481,0.862016075,"hybrid28S","Rec_binary_v_bristle_binary","rjhp","independent"
"RJRates...Shape",0.169996975,0.49518,0.69233,0.85297625,0.985498,"hybrid28S","Rec_binary_v_bristle_binary","rjhp","independent"
"RJRates...Scale",0.222308,0.476384,0.659015,0.82816325,0.982398,"hybrid28S","Rec_binary_v_bristle_binary","rjhp","independent"
"Lh",-60.65772965,-53.9207,-51.6659745,-50.29617175,-48.858487775,"hybrid28S","Rec_binary_v_bristle_binary","rjhp","dependent"
"No.Off.Parmeters",1,2,2,2,2,"hybrid28S","Rec_binary_v_bristle_binary","rjhp","dependent"
"No.Off.Zero",2,3,3,4,4,"hybrid28S","Rec_binary_v_bristle_binary","rjhp","dependent"
"q12",0,0,0,0,0.0186210249999999,"hybrid28S","Rec_binary_v_bristle_binary","rjhp","dependent"
"q13",0,0,0,0,0.710881324999999,"hybrid28S","Rec_binary_v_bristle_binary","rjhp","dependent"
"q21",0,0.55771275,2.5631405,4.9497575,7.929428075,"hybrid28S","Rec_binary_v_bristle_binary","rjhp","dependent"
"q24",0.63265185,2.28965225,4.2623285,5.56002575,8.28639425,"hybrid28S","Rec_binary_v_bristle_binary","rjhp","dependent"
"q31",1.5850675,3.579825,4.693039,5.83692925,8.482115725,"hybrid28S","Rec_binary_v_bristle_binary","rjhp","dependent"
"q34",0.440589525,3.20704825,4.5184305,5.69461625,8.298064075,"hybrid28S","Rec_binary_v_bristle_binary","rjhp","dependent"
"q42",0,0,0,0,0.0708064249999984,"hybrid28S","Rec_binary_v_bristle_binary","rjhp","dependent"
"q43",0.510335,0.8916075,1.151272,1.4820725,2.4127191,"hybrid28S","Rec_binary_v_bristle_binary","rjhp","dependent"
"Root...P.0.0.",0,0,0,0,0.206083075,"hybrid28S","Rec_binary_v_bristle_binary","rjhp","dependent"
"Root...P.0.1.",0.000886,0.047431,0.389056,0.471083,0.635611025,"hybrid28S","Rec_binary_v_bristle_binary","rjhp","dependent"
"Root...P.1.0.",0.17988585,0.466758,0.484568,0.78679925,0.922564025,"hybrid28S","Rec_binary_v_bristle_binary","rjhp","dependent"
"Root...P.1.1.",0.030623,0.055515,0.077634,0.103496,0.211395025,"hybrid28S","Rec_binary_v_bristle_binary","rjhp","dependent"
"RJRates...Shape",0.345736925,0.68266075,0.8268955,0.924197,0.993061025,"hybrid28S","Rec_binary_v_bristle_binary","rjhp","dependent"
"RJRates...Scale",0.556092925,0.798987,0.892038,0.953041,0.995747,"hybrid28S","Rec_binary_v_bristle_binary","rjhp","dependent"
"Lh",-58.4990463,-55.1115025,-53.88715,-52.99749025,-52.055971925,"iqtree","Rec_binary_v_an_binary","uniform","independent"
"alpha1",0.011693,0.12302375,0.275496,0.51437125,1.26674525,"iqtree","Rec_binary_v_an_binary","uniform","independent"
"beta1",0.498071,0.85192875,1.0923365,1.376647,2.05031605,"iqtree","Rec_binary_v_an_binary","uniform","independent"
"alpha2",0.011609,0.118273,0.2598265,0.476057,1.130303175,"iqtree","Rec_binary_v_an_binary","uniform","independent"
"beta2",0.318314975,0.604505,0.8080715,1.0521555,1.6448522,"iqtree","Rec_binary_v_an_binary","uniform","independent"
"Root...P.0.0.",0.007526,0.09522475,0.203895,0.331945,0.553408025,"iqtree","Rec_binary_v_an_binary","uniform","independent"
"Root...P.0.1.",0.013863,0.103599,0.1906735,0.30957225,0.588369,"iqtree","Rec_binary_v_an_binary","uniform","independent"
"Root...P.1.0.",0.021603975,0.148523,0.253891,0.38634925,0.665903025,"iqtree","Rec_binary_v_an_binary","uniform","independent"
"Root...P.1.1.",0.055269975,0.147419,0.236997,0.36576925,0.702872,"iqtree","Rec_binary_v_an_binary","uniform","independent"
"Lh",-37.86252585,-34.19461,-32.790466,-31.68209625,-30.238398925,"iqtree","Rec_binary_v_an_binary","uniform","dependent"
"q12",0.010783,0.125,0.3142255,0.68849425,3.327612525,"iqtree","Rec_binary_v_an_binary","uniform","dependent"
"q13",0.013833975,0.162449,0.413384,0.929223,4.18114869999999,"iqtree","Rec_binary_v_an_binary","uniform","dependent"
"q21",2.0331189,13.28698175,27.2112975,48.4676455,91.428759575,"iqtree","Rec_binary_v_an_binary","uniform","dependent"
"q24",2.6696498,28.4254515,51.167814,74.48272375,97.32195345,"iqtree","Rec_binary_v_an_binary","uniform","dependent"
"q31",4.935311375,31.51134225,53.2380705,75.72595275,97.45261095,"iqtree","Rec_binary_v_an_binary","uniform","dependent"
"q34",1.48289745,19.17695325,41.740962,67.6882395,96.412600575,"iqtree","Rec_binary_v_an_binary","uniform","dependent"
"q42",0.444222975,1.192293,1.921221,3.14182125,7.6667872,"iqtree","Rec_binary_v_an_binary","uniform","dependent"
"q43",0.019247,0.21410475,0.49718,0.95733725,2.65987695,"iqtree","Rec_binary_v_an_binary","uniform","dependent"
"Root...P.0.0.",0.031702,0.109448,0.16739,0.228202,0.346157025,"iqtree","Rec_binary_v_an_binary","uniform","dependent"
"Root...P.0.1.",0.128536,0.279459,0.34235,0.394631,0.5473371,"iqtree","Rec_binary_v_an_binary","uniform","dependent"
"Root...P.1.0.",0.157771975,0.318203,0.371478,0.425716,0.578394025,"iqtree","Rec_binary_v_an_binary","uniform","dependent"
"Root...P.1.1.",0.047003,0.084416,0.11126,0.144562,0.238664025,"iqtree","Rec_binary_v_an_binary","uniform","dependent"
"Lh",-58.269113075,-54.9934925,-53.811402,-52.950157,-52.043456825,"iqtree","Rec_binary_v_an_binary","exp","independent"
"alpha1",0.01131,0.118771,0.2660695,0.497507,1.219673,"iqtree","Rec_binary_v_an_binary","exp","independent"
"beta1",0.490160975,0.83929,1.076363,1.3551495,2.015171325,"iqtree","Rec_binary_v_an_binary","exp","independent"
"alpha2",0.011335,0.115125,0.252649,0.463207,1.100390275,"iqtree","Rec_binary_v_an_binary","exp","independent"
"beta2",0.31425995,0.596544,0.7968315,1.03783,1.6200092,"iqtree","Rec_binary_v_an_binary","exp","independent"
"Root...P.0.0.",0.007359,0.093442,0.200725,0.32838825,0.551515025,"iqtree","Rec_binary_v_an_binary","exp","independent"
"Root...P.0.1.",0.0137,0.102971,0.190181,0.30966,0.588320075,"iqtree","Rec_binary_v_an_binary","exp","independent"
"Root...P.1.0.",0.021652,0.14803,0.2540385,0.387196,0.666542,"iqtree","Rec_binary_v_an_binary","exp","independent"
"Root...P.1.1.",0.055885,0.149009,0.239494,0.36950325,0.707682,"iqtree","Rec_binary_v_an_binary","exp","independent"
"Lh",-38.109304375,-34.67432825,-33.3173035,-32.222013,-30.7131236,"iqtree","Rec_binary_v_an_binary","exp","dependent"
"q12",0.010543,0.120529,0.3001535,0.644421,2.374220125,"iqtree","Rec_binary_v_an_binary","exp","dependent"
"q13",0.010869,0.12733775,0.321361,0.70241825,2.625824525,"iqtree","Rec_binary_v_an_binary","exp","dependent"
"q21",1.730470375,8.306671,14.055532,21.9739715,43.760918525,"iqtree","Rec_binary_v_an_binary","exp","dependent"
"q24",0.709111625,6.47492375,13.1575055,22.48301025,47.01053125,"iqtree","Rec_binary_v_an_binary","exp","dependent"
"q31",1.088456775,8.22217125,15.5402665,25.5567125,51.422966875,"iqtree","Rec_binary_v_an_binary","exp","dependent"
"q34",0.380410775,3.97082725,9.0990435,17.37774725,41.9840936,"iqtree","Rec_binary_v_an_binary","exp","dependent"
"q42",0.332245975,0.851951,1.261562,1.8488675,3.991601075,"iqtree","Rec_binary_v_an_binary","exp","dependent"
"q43",0.012457975,0.141943,0.342317,0.670503,1.7458281,"iqtree","Rec_binary_v_an_binary","exp","dependent"
"Root...P.0.0.",0.021912975,0.083026,0.1343835,0.194246,0.326230075,"iqtree","Rec_binary_v_an_binary","exp","dependent"
"Root...P.0.1.",0.127972975,0.314986,0.3836995,0.450168,0.634658025,"iqtree","Rec_binary_v_an_binary","exp","dependent"
"Root...P.1.0.",0.100486,0.283637,0.361161,0.42404,0.58519605,"iqtree","Rec_binary_v_an_binary","exp","dependent"
"Root...P.1.1.",0.038326,0.075459,0.105864,0.14851325,0.290453,"iqtree","Rec_binary_v_an_binary","exp","dependent"
"Lh",-57.7370043,-55.92733325,-55.5204185,-55.381551,-52.116781875,"iqtree","Rec_binary_v_an_binary","rjhp","independent"
"No.Off.Parmeters",1,1,1,1,2,"iqtree","Rec_binary_v_an_binary","rjhp","independent"
"No.Off.Zero",0,0,0,0,1,"iqtree","Rec_binary_v_an_binary","rjhp","independent"
"alpha1",0,0.40090875,0.522034,0.644661,0.920218125,"iqtree","Rec_binary_v_an_binary","rjhp","independent"
"beta1",0.307487975,0.46333,0.568749,0.695226,1.017915,"iqtree","Rec_binary_v_an_binary","rjhp","independent"
"alpha2",0.00756697500000001,0.415947,0.531254,0.653084,0.9331291,"iqtree","Rec_binary_v_an_binary","rjhp","independent"
"beta2",0.30474395,0.462046,0.5675025,0.69361725,1.012783125,"iqtree","Rec_binary_v_an_binary","rjhp","independent"
"Root...P.0.0.",0,0.587526,0.602935,0.611979,0.62331,"iqtree","Rec_binary_v_an_binary","rjhp","independent"
"Root...P.0.1.",0,0.169125,0.172355,0.176402,0.249554,"iqtree","Rec_binary_v_an_binary","rjhp","independent"
"Root...P.1.0.",0.031161975,0.169548,0.172748,0.17712425,0.769905025,"iqtree","Rec_binary_v_an_binary","rjhp","independent"
"Root...P.1.1.",0.044297,0.04739,0.049948,0.054496,0.748247174999999,"iqtree","Rec_binary_v_an_binary","rjhp","independent"
"RJRates...Shape",0.163469975,0.48518775,0.6847,0.84881225,0.985147,"iqtree","Rec_binary_v_an_binary","rjhp","independent"
"RJRates...Scale",0.199619975,0.45201275,0.639983,0.81703925,0.981129,"iqtree","Rec_binary_v_an_binary","rjhp","independent"
"Lh",-43.175687025,-40.89069,-35.475331,-33.485727,-31.349789675,"iqtree","Rec_binary_v_an_binary","rjhp","dependent"
"No.Off.Parmeters",1,2,2,2,2,"iqtree","Rec_binary_v_an_binary","rjhp","dependent"
"No.Off.Zero",1,3,3,3,4,"iqtree","Rec_binary_v_an_binary","rjhp","dependent"
"q12",0,0,0,0,0.619969449999998,"iqtree","Rec_binary_v_an_binary","rjhp","dependent"
"q13",0,0,0,0,0.493012025,"iqtree","Rec_binary_v_an_binary","rjhp","dependent"
"q21",1.185574525,2.59216875,4.181934,5.586358,8.686076625,"iqtree","Rec_binary_v_an_binary","rjhp","dependent"
"q24",0,2.29247925,4.0162795,5.4762675,8.590807275,"iqtree","Rec_binary_v_an_binary","rjhp","dependent"
"q31",0,0.52446925,2.46872,4.79727825,8.191175625,"iqtree","Rec_binary_v_an_binary","rjhp","dependent"
"q34",0,1.838758,3.633821,5.2745065,8.479466425,"iqtree","Rec_binary_v_an_binary","rjhp","dependent"
"q42",0.305281975,0.688751,1.030922,1.51685625,2.671779175,"iqtree","Rec_binary_v_an_binary","rjhp","dependent"
"q43",0,0,0,0,0.700352025,"iqtree","Rec_binary_v_an_binary","rjhp","dependent"
"Root...P.0.0.",0,0,0,0,0.22308405,"iqtree","Rec_binary_v_an_binary","rjhp","dependent"
"Root...P.0.1.",0.01334695,0.455754,0.480511,0.77902625,0.931435025,"iqtree","Rec_binary_v_an_binary","rjhp","dependent"
"Root...P.1.0.",0.000393,0.036757,0.44216,0.47105,0.752373025,"iqtree","Rec_binary_v_an_binary","rjhp","dependent"
"Root...P.1.1.",0.023672,0.050404,0.078061,0.106488,0.20928,"iqtree","Rec_binary_v_an_binary","rjhp","dependent"
"RJRates...Shape",0.30706785,0.657258,0.81131,0.916885,0.992388,"iqtree","Rec_binary_v_an_binary","rjhp","dependent"
"RJRates...Scale",0.498720975,0.772927,0.878552,0.947474,0.995228,"iqtree","Rec_binary_v_an_binary","rjhp","dependent"
"Lh",-58.2001507,-54.8163295,-53.5952025,-52.705429,-51.765785975,"exabayes","Rec_binary_v_an_binary","uniform","independent"
"alpha1",0.011423,0.120325,0.270062,0.5045615,1.24257405,"exabayes","Rec_binary_v_an_binary","uniform","independent"
"beta1",0.494721975,0.847531,1.0874515,1.369537,2.0385861,"exabayes","Rec_binary_v_an_binary","uniform","independent"
"alpha2",0.011445975,0.11624675,0.254917,0.46675025,1.108970125,"exabayes","Rec_binary_v_an_binary","uniform","independent"
"beta2",0.31705695,0.602629,0.804904,1.0481635,1.636272175,"exabayes","Rec_binary_v_an_binary","uniform","independent"
"Root...P.0.0.",0.007593,0.095269,0.203693,0.33135125,0.552972025,"exabayes","Rec_binary_v_an_binary","uniform","independent"
"Root...P.0.1.",0.013837,0.103794,0.190702,0.3102345,0.589277075,"exabayes","Rec_binary_v_an_binary","uniform","independent"
"Root...P.1.0.",0.021716,0.14828675,0.253848,0.38632025,0.66584605,"exabayes","Rec_binary_v_an_binary","uniform","independent"
"Root...P.1.1.",0.055399975,0.147656,0.2370105,0.365858,0.7029681,"exabayes","Rec_binary_v_an_binary","uniform","independent"
"Lh",-37.7353749,-34.0799025,-32.6728435,-31.56496375,-30.12761685,"exabayes","Rec_binary_v_an_binary","uniform","dependent"
"q12",0.010671975,0.123642,0.310935,0.68288625,3.351545075,"exabayes","Rec_binary_v_an_binary","uniform","dependent"
"q13",0.013665,0.159849,0.4073065,0.91596025,4.140532175,"exabayes","Rec_binary_v_an_binary","uniform","dependent"
"q21",2.04242735,13.2935145,27.172769,48.42956425,91.38490335,"exabayes","Rec_binary_v_an_binary","uniform","dependent"
"q24",2.558995625,27.9296775,50.69738,74.17541775,97.2795663,"exabayes","Rec_binary_v_an_binary","uniform","dependent"
"q31",4.9450536,31.53653025,53.2840155,75.77437925,97.45836855,"exabayes","Rec_binary_v_an_binary","uniform","dependent"
"q34",1.46272725,19.04999475,41.5768445,67.5319675,96.3744478,"exabayes","Rec_binary_v_an_binary","uniform","dependent"
"q42",0.439903975,1.178203,1.9022575,3.11271775,7.617358175,"exabayes","Rec_binary_v_an_binary","uniform","dependent"
"q43",0.01928,0.213488,0.4958805,0.95136725,2.651473375,"exabayes","Rec_binary_v_an_binary","uniform","dependent"
"Root...P.0.0.",0.031936975,0.109652,0.167094,0.22747725,0.345065075,"exabayes","Rec_binary_v_an_binary","uniform","dependent"
"Root...P.0.1.",0.128811975,0.279573,0.342636,0.39481,0.546969025,"exabayes","Rec_binary_v_an_binary","uniform","dependent"
"Root...P.1.0.",0.15844195,0.31851875,0.371878,0.426019,0.577859,"exabayes","Rec_binary_v_an_binary","uniform","dependent"
"Root...P.1.1.",0.046904,0.08425,0.111146,0.14437,0.239135025,"exabayes","Rec_binary_v_an_binary","uniform","dependent"
"Lh",-57.958187175,-54.70057675,-53.516784,-52.65944375,-51.7526299,"exabayes","Rec_binary_v_an_binary","exp","independent"
"alpha1",0.011127,0.11656075,0.261452,0.48858525,1.195879125,"exabayes","Rec_binary_v_an_binary","exp","independent"
"beta1",0.48815285,0.835268,1.071702,1.34887925,2.005020175,"exabayes","Rec_binary_v_an_binary","exp","independent"
"alpha2",0.011118,0.112859,0.247284,0.45358825,1.076839,"exabayes","Rec_binary_v_an_binary","exp","independent"
"beta2",0.312709,0.593236,0.793022,1.03257225,1.61205605,"exabayes","Rec_binary_v_an_binary","exp","independent"
"Root...P.0.0.",0.00737997500000001,0.09338775,0.200885,0.328487,0.552090025,"exabayes","Rec_binary_v_an_binary","exp","independent"
"Root...P.0.1.",0.013784,0.103209,0.190448,0.310011,0.58864,"exabayes","Rec_binary_v_an_binary","exp","independent"
"Root...P.1.0.",0.021532975,0.147764,0.2538,0.386625,0.665292,"exabayes","Rec_binary_v_an_binary","exp","independent"
"Root...P.1.1.",0.055629,0.149012,0.239754,0.369743,0.70595,"exabayes","Rec_binary_v_an_binary","exp","independent"
"Lh",-37.9654565,-34.5240815,-33.1733995,-32.08234275,-30.5834158,"exabayes","Rec_binary_v_an_binary","exp","dependent"
"q12",0.010385,0.119952,0.298499,0.640766,2.376961275,"exabayes","Rec_binary_v_an_binary","exp","dependent"
"q13",0.010848,0.126584,0.3184505,0.69656425,2.6028199,"exabayes","Rec_binary_v_an_binary","exp","dependent"
"q21",1.718383925,8.2989615,14.016125,21.8872585,43.59806905,"exabayes","Rec_binary_v_an_binary","exp","dependent"
"q24",0.681801425,6.28545425,12.8738535,22.16024725,46.695599325,"exabayes","Rec_binary_v_an_binary","exp","dependent"
"q31",1.1062547,8.248281,15.553204,25.54179875,51.438777125,"exabayes","Rec_binary_v_an_binary","exp","dependent"
"q34",0.374627975,3.946652,9.051998,17.293021,41.82994545,"exabayes","Rec_binary_v_an_binary","exp","dependent"
"q42",0.325526875,0.84241675,1.247079,1.82544825,3.94085374999999,"exabayes","Rec_binary_v_an_binary","exp","dependent"
"q43",0.012419975,0.141653,0.3409675,0.667506,1.73698925,"exabayes","Rec_binary_v_an_binary","exp","dependent"
"Root...P.0.0.",0.022238,0.083936,0.135216,0.194739,0.325895,"exabayes","Rec_binary_v_an_binary","exp","dependent"
"Root...P.0.1.",0.127594975,0.3141,0.382821,0.44913925,0.633618025,"exabayes","Rec_binary_v_an_binary","exp","dependent"
"Root...P.1.0.",0.101371975,0.284167,0.3614515,0.424256,0.5855181,"exabayes","Rec_binary_v_an_binary","exp","dependent"
"Root...P.1.1.",0.038139,0.075267,0.105666,0.148378,0.29076805,"exabayes","Rec_binary_v_an_binary","exp","dependent"
"Lh",-57.4856015,-55.681789,-55.276685,-55.138957,-51.816284,"exabayes","Rec_binary_v_an_binary","rjhp","independent"
"No.Off.Parmeters",1,1,1,1,2,"exabayes","Rec_binary_v_an_binary","rjhp","independent"
"No.Off.Zero",0,0,0,0,1,"exabayes","Rec_binary_v_an_binary","rjhp","independent"
"alpha1",0,0.39611,0.516692,0.638351,0.911186025,"exabayes","Rec_binary_v_an_binary","rjhp","independent"
"beta1",0.305423,0.45982375,0.564622,0.690612,1.014686025,"exabayes","Rec_binary_v_an_binary","rjhp","independent"
"alpha2",0.00693495000000001,0.410955,0.525833,0.646936,0.924377075,"exabayes","Rec_binary_v_an_binary","rjhp","independent"
"beta2",0.302836975,0.458607,0.563355,0.689001,1.009117025,"exabayes","Rec_binary_v_an_binary","rjhp","independent"
"Root...P.0.0.",0,0.590277,0.60625,0.615512,0.627123,"exabayes","Rec_binary_v_an_binary","rjhp","independent"
"Root...P.0.1.",0,0.168083,0.171484,0.175736,0.24967,"exabayes","Rec_binary_v_an_binary","rjhp","independent"
"Root...P.1.0.",0.028976,0.167944,0.17116,0.175572,0.771333,"exabayes","Rec_binary_v_an_binary","rjhp","independent"
"Root...P.1.1.",0.043289,0.046414,0.048999,0.053662,0.759280025,"exabayes","Rec_binary_v_an_binary","rjhp","independent"
"RJRates...Shape",0.161910975,0.484548,0.684383,0.84821725,0.985108,"exabayes","Rec_binary_v_an_binary","rjhp","independent"
"RJRates...Scale",0.19858495,0.451061,0.639116,0.81624925,0.981083025,"exabayes","Rec_binary_v_an_binary","rjhp","independent"
"Lh",-42.967330675,-40.679571,-35.3265975,-33.33594875,-31.197619425,"exabayes","Rec_binary_v_an_binary","rjhp","dependent"
"No.Off.Parmeters",1,2,2,2,2,"exabayes","Rec_binary_v_an_binary","rjhp","dependent"
"No.Off.Zero",1,3,3,3,4,"exabayes","Rec_binary_v_an_binary","rjhp","dependent"
"q12",0,0,0,0,0.61456,"exabayes","Rec_binary_v_an_binary","rjhp","dependent"
"q13",0,0,0,0,0.485039075,"exabayes","Rec_binary_v_an_binary","rjhp","dependent"
"q21",1.17285995,2.5493175,4.1288925,5.524283,8.609517775,"exabayes","Rec_binary_v_an_binary","rjhp","dependent"
"q24",0,2.2458055,3.9542055,5.40814675,8.5077749,"exabayes","Rec_binary_v_an_binary","rjhp","dependent"
"q31",0,0.51900525,2.434552,4.74113275,8.1273392,"exabayes","Rec_binary_v_an_binary","rjhp","dependent"
"q34",0,1.81919525,3.583575,5.213206,8.4106502,"exabayes","Rec_binary_v_an_binary","rjhp","dependent"
"q42",0.303727975,0.686039,1.0277125,1.5108675,2.648940225,"exabayes","Rec_binary_v_an_binary","rjhp","dependent"
"q43",0,0,0,0,0.69507105,"exabayes","Rec_binary_v_an_binary","rjhp","dependent"
"Root...P.0.0.",0,0,0,0,0.22920805,"exabayes","Rec_binary_v_an_binary","rjhp","dependent"
"Root...P.0.1.",0.00660792500000002,0.457288,0.482148,0.78083925,0.932404,"exabayes","Rec_binary_v_an_binary","rjhp","dependent"
"Root...P.1.0.",0.000379,0.03554,0.441563,0.470262,0.758314025,"exabayes","Rec_binary_v_an_binary","rjhp","dependent"
"Root...P.1.1.",0.023228,0.049969,0.07768,0.105807,0.208332,"exabayes","Rec_binary_v_an_binary","rjhp","dependent"
"RJRates...Shape",0.3059479,0.656203,0.8110355,0.916806,0.992403,"exabayes","Rec_binary_v_an_binary","rjhp","dependent"
"RJRates...Scale",0.494877,0.770844,0.877552,0.946791,0.995175,"exabayes","Rec_binary_v_an_binary","rjhp","dependent"
"Lh",-73.01711215,-69.69013375,-68.495504,-67.628787,-66.730523975,"hybrid28S","Rec_binary_v_an_binary","uniform","independent"
"alpha1",0.01157,0.11840575,0.259998,0.47727725,1.138824175,"hybrid28S","Rec_binary_v_an_binary","uniform","independent"
"beta1",0.384769875,0.636816,0.805898,1.003203,1.46706105,"hybrid28S","Rec_binary_v_an_binary","uniform","independent"
"alpha2",0.012465,0.124756,0.2702275,0.48811825,1.129092125,"hybrid28S","Rec_binary_v_an_binary","uniform","independent"
"beta2",0.378995925,0.63510775,0.8068445,1.00675025,1.476745025,"hybrid28S","Rec_binary_v_an_binary","uniform","independent"
"Root...P.0.0.",0.010275975,0.11940775,0.242452,0.37680825,0.591223,"hybrid28S","Rec_binary_v_an_binary","uniform","independent"
"Root...P.0.1.",0.018680975,0.12398675,0.215668,0.34061425,0.63085,"hybrid28S","Rec_binary_v_an_binary","uniform","independent"
"Root...P.1.0.",0.019944,0.129484,0.222938,0.35050525,0.639677,"hybrid28S","Rec_binary_v_an_binary","uniform","independent"
"Root...P.1.1.",0.047215,0.12443975,0.203226,0.321443,0.658962075,"hybrid28S","Rec_binary_v_an_binary","uniform","independent"
"Lh",-56.188709875,-52.516697,-51.035574,-49.7728155,-47.6653527,"hybrid28S","Rec_binary_v_an_binary","uniform","dependent"
"q12",0.010288,0.120196,0.3014025,0.65952275,3.26236187499999,"hybrid28S","Rec_binary_v_an_binary","uniform","dependent"
"q13",0.021365,0.270758,0.8443875,3.3230095,17.142382375,"hybrid28S","Rec_binary_v_an_binary","uniform","dependent"
"q21",1.031033725,10.01128875,23.2161765,44.84264225,90.289120425,"hybrid28S","Rec_binary_v_an_binary","uniform","dependent"
"q24",2.959670125,29.43192,51.7876475,74.6315545,97.3168237,"hybrid28S","Rec_binary_v_an_binary","uniform","dependent"
"q31",2.367559625,13.95278425,30.034428,56.2307595,94.79875755,"hybrid28S","Rec_binary_v_an_binary","uniform","dependent"
"q34",0.258833,3.83327875,13.886911,37.684256,89.861088975,"hybrid28S","Rec_binary_v_an_binary","uniform","dependent"
"q42",0.25420195,0.79401375,1.339173,2.23224125,5.479770225,"hybrid28S","Rec_binary_v_an_binary","uniform","dependent"
"q43",0.073505975,0.46392775,0.8192275,1.438368,4.65415355,"hybrid28S","Rec_binary_v_an_binary","uniform","dependent"
"Root...P.0.0.",0.041246,0.135268,0.198468,0.259279,0.38481205,"hybrid28S","Rec_binary_v_an_binary","uniform","dependent"
"Root...P.0.1.",0.110646,0.275962,0.358504,0.434398,0.621042,"hybrid28S","Rec_binary_v_an_binary","uniform","dependent"
"Root...P.1.0.",0.105271975,0.25580275,0.332363,0.40369225,0.580120075,"hybrid28S","Rec_binary_v_an_binary","uniform","dependent"
"Root...P.1.1.",0.044705,0.076786,0.100653,0.132288,0.232306025,"hybrid28S","Rec_binary_v_an_binary","uniform","dependent"
"Lh",-72.802975875,-69.58706625,-68.427331,-67.5864315,-66.718875975,"hybrid28S","Rec_binary_v_an_binary","exp","independent"
"alpha1",0.011295,0.11468475,0.252567,0.46368225,1.1042111,"hybrid28S","Rec_binary_v_an_binary","exp","independent"
"beta1",0.381051925,0.630488,0.797862,0.992768,1.449129,"hybrid28S","Rec_binary_v_an_binary","exp","independent"
"alpha2",0.012025,0.121088,0.262221,0.47508,1.099623025,"hybrid28S","Rec_binary_v_an_binary","exp","independent"
"beta2",0.375514875,0.628864,0.798823,0.996493,1.460539075,"hybrid28S","Rec_binary_v_an_binary","exp","independent"
"Root...P.0.0.",0.009947,0.116603,0.238224,0.372663,0.588673,"hybrid28S","Rec_binary_v_an_binary","exp","independent"
"Root...P.0.1.",0.018593,0.123567,0.215663,0.3411315,0.630653025,"hybrid28S","Rec_binary_v_an_binary","exp","independent"
"Root...P.1.0.",0.019764,0.129118,0.2231725,0.35057225,0.6390351,"hybrid28S","Rec_binary_v_an_binary","exp","independent"
"Root...P.1.1.",0.047878975,0.126578,0.206572,0.32624325,0.66554605,"hybrid28S","Rec_binary_v_an_binary","exp","independent"
"Lh",-54.21110605,-50.87764325,-49.562802,-48.483081,-46.9657664,"hybrid28S","Rec_binary_v_an_binary","exp","dependent"
"q12",0.008787,0.10087,0.249714,0.531678,1.989674025,"hybrid28S","Rec_binary_v_an_binary","exp","dependent"
"q13",0.012836,0.150257,0.3822295,0.8627005,3.77384975,"hybrid28S","Rec_binary_v_an_binary","exp","dependent"
"q21",0.602938425,5.06630075,10.0595685,17.39892425,39.148636775,"hybrid28S","Rec_binary_v_an_binary","exp","dependent"
"q24",0.80907965,7.13160625,14.17487,23.78778525,48.779932475,"hybrid28S","Rec_binary_v_an_binary","exp","dependent"
"q31",2.12879665,7.31193025,11.8303185,18.2731755,38.08432675,"hybrid28S","Rec_binary_v_an_binary","exp","dependent"
"q34",0.32101985,3.1816395,6.920864,12.62053825,31.250677825,"hybrid28S","Rec_binary_v_an_binary","exp","dependent"
"q42",0.158519975,0.47471975,0.7629805,1.193704,2.770987975,"hybrid28S","Rec_binary_v_an_binary","exp","dependent"
"q43",0.171683925,0.49920575,0.7489105,1.08083525,2.2202134,"hybrid28S","Rec_binary_v_an_binary","exp","dependent"
"Root...P.0.0.",0.023724,0.08893,0.143371,0.206581,0.346091,"hybrid28S","Rec_binary_v_an_binary","exp","dependent"
"Root...P.0.1.",0.093263975,0.286385,0.375908,0.448702,0.62539105,"hybrid28S","Rec_binary_v_an_binary","exp","dependent"
"Root...P.1.0.",0.120507925,0.306051,0.3796725,0.451809,0.635267025,"hybrid28S","Rec_binary_v_an_binary","exp","dependent"
"Root...P.1.1.",0.034398,0.063297,0.087492,0.122815,0.242746,"hybrid28S","Rec_binary_v_an_binary","exp","dependent"
"Lh",-71.86317205,-70.045135,-69.631501,-69.48137,-66.8445087,"hybrid28S","Rec_binary_v_an_binary","rjhp","independent"
"No.Off.Parmeters",1,1,1,1,2,"hybrid28S","Rec_binary_v_an_binary","rjhp","independent"
"No.Off.Zero",0,0,0,0,1,"hybrid28S","Rec_binary_v_an_binary","rjhp","independent"
"alpha1",0,0.419826,0.519822,0.623026,0.852470274999999,"hybrid28S","Rec_binary_v_an_binary","rjhp","independent"
"beta1",0.321301975,0.458961,0.547921,0.65111525,0.896157025,"hybrid28S","Rec_binary_v_an_binary","rjhp","independent"
"alpha2",0.021633,0.432738,0.527864,0.630296,0.861948299999999,"hybrid28S","Rec_binary_v_an_binary","rjhp","independent"
"beta2",0.321554975,0.459132,0.548112,0.651347,0.8969941,"hybrid28S","Rec_binary_v_an_binary","rjhp","independent"
"Root...P.0.0.",0,0.59702575,0.608267,0.615717,0.625653,"hybrid28S","Rec_binary_v_an_binary","rjhp","independent"
"Root...P.0.1.",0,0.168176,0.170882,0.174195,0.24627605,"hybrid28S","Rec_binary_v_an_binary","rjhp","independent"
"Root...P.1.0.",0.084368975,0.168515,0.171195,0.174747,0.774828,"hybrid28S","Rec_binary_v_an_binary","rjhp","independent"
"Root...P.1.1.",0.043681,0.04636,0.048433,0.051667,0.543110224999999,"hybrid28S","Rec_binary_v_an_binary","rjhp","independent"
"RJRates...Shape",0.161204925,0.48433375,0.684415,0.848712,0.985003025,"hybrid28S","Rec_binary_v_an_binary","rjhp","independent"
"RJRates...Scale",0.196993,0.447277,0.6351855,0.814187,0.980776,"hybrid28S","Rec_binary_v_an_binary","rjhp","independent"
"Lh",-56.89987415,-51.89447675,-50.1911165,-48.80210225,-46.8970509,"hybrid28S","Rec_binary_v_an_binary","rjhp","dependent"
"No.Off.Parmeters",2,2,2,2,2,"hybrid28S","Rec_binary_v_an_binary","rjhp","dependent"
"No.Off.Zero",1,2,2,2,3,"hybrid28S","Rec_binary_v_an_binary","rjhp","dependent"
"q12",0,0,0,0,0.55114305,"hybrid28S","Rec_binary_v_an_binary","rjhp","dependent"
"q13",0,0,0,0,0.588652,"hybrid28S","Rec_binary_v_an_binary","rjhp","dependent"
"q21",0,3.05176075,4.162492,5.30778725,7.995983125,"hybrid28S","Rec_binary_v_an_binary","rjhp","dependent"
"q24",0,1.749681,3.9158585,5.203886,8.03056372499999,"hybrid28S","Rec_binary_v_an_binary","rjhp","dependent"
"q31",1.60855765,3.4661695,4.4135015,5.51681675,8.22072205,"hybrid28S","Rec_binary_v_an_binary","rjhp","dependent"
"q34",0,2.2040595,3.884481,5.11266925,7.81749507499999,"hybrid28S","Rec_binary_v_an_binary","rjhp","dependent"
"q42",0.225084975,0.380944,0.486495,0.612976,0.927965025,"hybrid28S","Rec_binary_v_an_binary","rjhp","dependent"
"q43",0.228933,0.38243475,0.488014,0.61504025,0.936654025,"hybrid28S","Rec_binary_v_an_binary","rjhp","dependent"
"Root...P.0.0.",0,0,0,0.017812,0.202294025,"hybrid28S","Rec_binary_v_an_binary","rjhp","dependent"
"Root...P.0.1.",0,0.202088,0.464668,0.481072,0.8486671,"hybrid28S","Rec_binary_v_an_binary","rjhp","dependent"
"Root...P.1.0.",0,0.414096,0.472864,0.62628025,0.924580025,"hybrid28S","Rec_binary_v_an_binary","rjhp","dependent"
"Root...P.1.1.",0.024322,0.043588,0.063226,0.10388,0.290182125,"hybrid28S","Rec_binary_v_an_binary","rjhp","dependent"
"RJRates...Shape",0.334691825,0.659013,0.8088705,0.914408,0.992044,"hybrid28S","Rec_binary_v_an_binary","rjhp","dependent"
"RJRates...Scale",0.543592925,0.78176175,0.88057,0.947498,0.995219,"hybrid28S","Rec_binary_v_an_binary","rjhp","dependent"
"Lh",-82.510998925,-79.110316,-77.8602545,-76.9282055,-75.87379095,"iqtree","bristle_binary_v_an_binary","uniform","independent"
"alpha1",0.008761,0.097227,0.228707,0.44508125,1.146589,"iqtree","bristle_binary_v_an_binary","uniform","independent"
"beta1",1.057929,1.567538,1.8925275,2.26169025,3.10642205,"iqtree","bristle_binary_v_an_binary","uniform","independent"
"alpha2",0.009378975,0.101781,0.2331805,0.440782,1.060090225,"iqtree","bristle_binary_v_an_binary","uniform","independent"
"beta2",0.607626925,0.991484,1.2438515,1.5344475,2.210259075,"iqtree","bristle_binary_v_an_binary","uniform","independent"
"Root...P.0.0.",0.002773,0.042441,0.1048165,0.194314,0.382461075,"iqtree","bristle_binary_v_an_binary","uniform","independent"
"Root...P.0.1.",0.009214,0.08414175,0.163637,0.266435,0.494146025,"iqtree","bristle_binary_v_an_binary","uniform","independent"
"Root...P.1.0.",0.018135,0.150111,0.264896,0.391643,0.63159505,"iqtree","bristle_binary_v_an_binary","uniform","independent"
"Root...P.1.1.",0.125133975,0.263066,0.376916,0.520296,0.814772,"iqtree","bristle_binary_v_an_binary","uniform","independent"
"Lh",-60.707598475,-56.85360425,-55.3107915,-54.0628495,-52.243532975,"iqtree","bristle_binary_v_an_binary","uniform","dependent"
"q12",0.013435,0.156986,0.4021465,0.964065,7.401414475,"iqtree","bristle_binary_v_an_binary","uniform","dependent"
"q13",0.012081,0.14130775,0.356638,0.777115,2.98100225,"iqtree","bristle_binary_v_an_binary","uniform","dependent"
"q21",1.703442775,8.231382,14.376343,25.6240695,74.653408875,"iqtree","bristle_binary_v_an_binary","uniform","dependent"
"q24",0.640226975,9.88897425,30.431853,60.188866,95.464604975,"iqtree","bristle_binary_v_an_binary","uniform","dependent"
"q31",5.274902625,33.4687255,54.8087535,76.3484835,97.519404075,"iqtree","bristle_binary_v_an_binary","uniform","dependent"
"q34",1.87614945,21.355094,44.0430825,68.59844475,96.44081455,"iqtree","bristle_binary_v_an_binary","uniform","dependent"
"q42",1.011573675,2.1192525,3.6514815,6.814701,15.677448125,"iqtree","bristle_binary_v_an_binary","uniform","dependent"
"q43",0.022151,0.2512915,0.6018505,1.18709125,3.18479095,"iqtree","bristle_binary_v_an_binary","uniform","dependent"
"Root...P.0.0.",0.032691,0.111014,0.167156,0.224103,0.332558,"iqtree","bristle_binary_v_an_binary","uniform","dependent"
"Root...P.0.1.",0.116936,0.237046,0.297263,0.34843125,0.475375075,"iqtree","bristle_binary_v_an_binary","uniform","dependent"
"Root...P.1.0.",0.179333,0.317166,0.369679,0.42547125,0.554858075,"iqtree","bristle_binary_v_an_binary","uniform","dependent"
"Root...P.1.1.",0.073442,0.121229,0.154056,0.195561,0.32705805,"iqtree","bristle_binary_v_an_binary","uniform","dependent"
"Lh",-82.26305615,-78.98643325,-77.7766195,-76.8761505,-75.855884,"iqtree","bristle_binary_v_an_binary","exp","independent"
"alpha1",0.008383,0.093662,0.219938,0.428355,1.10199335,"iqtree","bristle_binary_v_an_binary","exp","independent"
"beta1",1.04326195,1.5445095,1.862901,2.225263,3.051515125,"iqtree","bristle_binary_v_an_binary","exp","independent"
"alpha2",0.00905295000000001,0.09836675,0.226197,0.42869225,1.029572025,"iqtree","bristle_binary_v_an_binary","exp","independent"
"beta2",0.599258975,0.97782775,1.226905,1.51387725,2.176042075,"iqtree","bristle_binary_v_an_binary","exp","independent"
"Root...P.0.0.",0.002667,0.041166,0.102352,0.191183,0.380507,"iqtree","bristle_binary_v_an_binary","exp","independent"
"Root...P.0.1.",0.009022,0.083069,0.162434,0.265245,0.495268025,"iqtree","bristle_binary_v_an_binary","exp","independent"
"Root...P.1.0.",0.017799,0.14872875,0.264144,0.391578,0.632026,"iqtree","bristle_binary_v_an_binary","exp","independent"
"Root...P.1.1.",0.126051,0.265686,0.380644,0.524955,0.817937124999999,"iqtree","bristle_binary_v_an_binary","exp","independent"
"Lh",-59.05113415,-55.62011,-54.260735,-53.16579925,-51.694041775,"iqtree","bristle_binary_v_an_binary","exp","dependent"
"q12",0.013075,0.150843,0.3749695,0.80187725,2.8765321,"iqtree","bristle_binary_v_an_binary","exp","dependent"
"q13",0.00854,0.099074,0.248524,0.534174,1.875740375,"iqtree","bristle_binary_v_an_binary","exp","dependent"
"q21",3.619127875,8.53830875,12.3191635,17.46410775,33.184092475,"iqtree","bristle_binary_v_an_binary","exp","dependent"
"q24",0.3550478,3.38254275,6.975999,12.3783055,31.0140863,"iqtree","bristle_binary_v_an_binary","exp","dependent"
"q31",0.9078238,7.5192585,14.722774,24.827317,51.1993162,"iqtree","bristle_binary_v_an_binary","exp","dependent"
"q34",0.422360125,4.30678275,9.6447625,18.122309,43.546393425,"iqtree","bristle_binary_v_an_binary","exp","dependent"
"q42",0.903228975,1.593754,2.084738,2.756702,5.288161125,"iqtree","bristle_binary_v_an_binary","exp","dependent"
"q43",0.010672,0.123976,0.305267,0.625647,1.75004835,"iqtree","bristle_binary_v_an_binary","exp","dependent"
"Root...P.0.0.",0.018722,0.072803,0.1190145,0.172926,0.28868605,"iqtree","bristle_binary_v_an_binary","exp","dependent"
"Root...P.0.1.",0.112001975,0.29588675,0.359329,0.41907025,0.58526605,"iqtree","bristle_binary_v_an_binary","exp","dependent"
"Root...P.1.0.",0.10468295,0.275557,0.350172,0.40970025,0.539194,"iqtree","bristle_binary_v_an_binary","exp","dependent"
"Root...P.1.1.",0.063138,0.114674,0.156762,0.216452,0.401783025,"iqtree","bristle_binary_v_an_binary","exp","dependent"
"Lh",-84.968989075,-78.175744,-76.808491,-76.237467,-75.870197975,"iqtree","bristle_binary_v_an_binary","rjhp","independent"
"No.Off.Parmeters",1,2,2,2,2,"iqtree","bristle_binary_v_an_binary","rjhp","independent"
"No.Off.Zero",0,0,0,0,1,"iqtree","bristle_binary_v_an_binary","rjhp","independent"
"alpha1",0,0.018868,0.067971,0.182476,1.06415615,"iqtree","bristle_binary_v_an_binary","rjhp","independent"
"beta1",0.719589975,1.082571,1.2859075,1.496658,1.9389702,"iqtree","bristle_binary_v_an_binary","rjhp","independent"
"alpha2",0.000638,0.024547,0.079868,0.22328125,1.22400915,"iqtree","bristle_binary_v_an_binary","rjhp","independent"
"beta2",0.710742825,1.07975,1.284003,1.494765,1.934782,"iqtree","bristle_binary_v_an_binary","rjhp","independent"
"Root...P.0.0.",0,0.002521,0.027178,0.118866,0.614681,"iqtree","bristle_binary_v_an_binary","rjhp","independent"
"Root...P.0.1.",0,0.05038,0.1392625,0.195873,0.249853,"iqtree","bristle_binary_v_an_binary","rjhp","independent"
"Root...P.1.0.",0.001906,0.063891,0.155739,0.21085,0.766518,"iqtree","bristle_binary_v_an_binary","rjhp","independent"
"Root...P.1.1.",0.046643,0.34311875,0.638994,0.857529,0.991629,"iqtree","bristle_binary_v_an_binary","rjhp","independent"
"RJRates...Shape",0.197141975,0.4944605,0.681728,0.84298625,0.984152,"iqtree","bristle_binary_v_an_binary","rjhp","independent"
"RJRates...Scale",0.299330975,0.555718,0.71968,0.862274,0.986195,"iqtree","bristle_binary_v_an_binary","rjhp","independent"
"Lh",-60.9570242,-58.51963525,-57.9210965,-57.432489,-51.86550825,"iqtree","bristle_binary_v_an_binary","rjhp","dependent"
"No.Off.Parmeters",1,1,1,1,2,"iqtree","bristle_binary_v_an_binary","rjhp","dependent"
"No.Off.Zero",3,3,3,4,4,"iqtree","bristle_binary_v_an_binary","rjhp","dependent"
"q12",0,0,0,0,0,"iqtree","bristle_binary_v_an_binary","rjhp","dependent"
"q13",0,0,0,0,0,"iqtree","bristle_binary_v_an_binary","rjhp","dependent"
"q21",1.89494495,2.60751675,3.078708,3.67373775,6.307269725,"iqtree","bristle_binary_v_an_binary","rjhp","dependent"
"q24",1.84117385,2.59246275,3.0645135,3.6516305,6.186039025,"iqtree","bristle_binary_v_an_binary","rjhp","dependent"
"q31",0,0,2.504752,3.24968975,5.4130064,"iqtree","bristle_binary_v_an_binary","rjhp","dependent"
"q34",1.6192077,2.549162,3.027616,3.59988975,6.0115297,"iqtree","bristle_binary_v_an_binary","rjhp","dependent"
"q42",1.369180875,2.402325,2.888216,3.39744325,4.505910025,"iqtree","bristle_binary_v_an_binary","rjhp","dependent"
"q43",0,0,0,0,0,"iqtree","bristle_binary_v_an_binary","rjhp","dependent"
"Root...P.0.0.",0,0,0,0,0,"iqtree","bristle_binary_v_an_binary","rjhp","dependent"
"Root...P.0.1.",0.420226,0.440511,0.450728,0.762528,0.839171025,"iqtree","bristle_binary_v_an_binary","rjhp","dependent"
"Root...P.1.0.",0.004246,0.018801,0.432289,0.443796,0.460831,"iqtree","bristle_binary_v_an_binary","rjhp","dependent"
"Root...P.1.1.",0.077218975,0.109241,0.129684,0.18873,0.254108025,"iqtree","bristle_binary_v_an_binary","rjhp","dependent"
"RJRates...Shape",0.23640095,0.600296,0.777096,0.90094725,0.990845,"iqtree","bristle_binary_v_an_binary","rjhp","dependent"
"RJRates...Scale",0.495485975,0.74130675,0.855545,0.935968,0.994143,"iqtree","bristle_binary_v_an_binary","rjhp","dependent"
"Lh",-82.018301525,-78.62559075,-77.375291,-76.443688,-75.3921118,"exabayes","bristle_binary_v_an_binary","uniform","independent"
"alpha1",0.008449,0.09382875,0.2205355,0.42927325,1.10802815,"exabayes","bristle_binary_v_an_binary","uniform","independent"
"beta1",1.05325385,1.55804275,1.880243,2.24529425,3.07945805,"exabayes","bristle_binary_v_an_binary","uniform","independent"
"alpha2",0.009088,0.098552,0.2255385,0.42703325,1.03222805,"exabayes","bristle_binary_v_an_binary","uniform","independent"
"beta2",0.605136,0.98399275,1.233407,1.522205,2.188402375,"exabayes","bristle_binary_v_an_binary","uniform","independent"
"Root...P.0.0.",0.002756,0.042048,0.103886,0.192998,0.383487025,"exabayes","bristle_binary_v_an_binary","uniform","independent"
"Root...P.0.1.",0.009231,0.084255,0.164318,0.26817,0.499899,"exabayes","bristle_binary_v_an_binary","uniform","independent"
"Root...P.1.0.",0.01805,0.14843575,0.2626355,0.389234,0.629155025,"exabayes","bristle_binary_v_an_binary","uniform","independent"
"Root...P.1.1.",0.124828,0.264289,0.378558,0.522099,0.8153931,"exabayes","bristle_binary_v_an_binary","uniform","independent"
"Lh",-60.531058175,-56.6959255,-55.16569,-53.92216575,-52.136582775,"exabayes","bristle_binary_v_an_binary","uniform","dependent"
"q12",0.013475,0.158135,0.407329,0.99716425,7.79679559999999,"exabayes","bristle_binary_v_an_binary","uniform","dependent"
"q13",0.011768,0.137928,0.3486185,0.762127,2.947594025,"exabayes","bristle_binary_v_an_binary","uniform","dependent"
"q21",1.69408415,8.22587775,14.4794155,26.14663,75.8379045499999,"exabayes","bristle_binary_v_an_binary","uniform","dependent"
"q24",0.575266825,9.243497,29.5976265,59.56910525,95.386282125,"exabayes","bristle_binary_v_an_binary","uniform","dependent"
"q31",5.3284217,33.493257,54.823632,76.289683,97.491102675,"exabayes","bristle_binary_v_an_binary","uniform","dependent"
"q34",1.8374069,21.10159325,43.8188635,68.449584,96.42161045,"exabayes","bristle_binary_v_an_binary","uniform","dependent"
"q42",0.98905885,2.06801025,3.565307,6.7250325,15.604995525,"exabayes","bristle_binary_v_an_binary","uniform","dependent"
"q43",0.022125,0.25139175,0.6004375,1.18172925,3.168311325,"exabayes","bristle_binary_v_an_binary","uniform","dependent"
"Root...P.0.0.",0.033185,0.111363,0.166996,0.223749,0.3329,"exabayes","bristle_binary_v_an_binary","uniform","dependent"
"Root...P.0.1.",0.114779,0.235431,0.2962245,0.347534,0.473788,"exabayes","bristle_binary_v_an_binary","uniform","dependent"
"Root...P.1.0.",0.179824975,0.317512,0.37018,0.426485,0.556583025,"exabayes","bristle_binary_v_an_binary","uniform","dependent"
"Root...P.1.1.",0.073306975,0.121219,0.154167,0.196133,0.33033905,"exabayes","bristle_binary_v_an_binary","uniform","dependent"
"Lh",-81.77430055,-78.5049655,-77.294995,-76.3946895,-75.37769995,"exabayes","bristle_binary_v_an_binary","exp","independent"
"alpha1",0.00816,0.090708,0.212744,0.41397225,1.06223505,"exabayes","bristle_binary_v_an_binary","exp","independent"
"beta1",1.040088975,1.53515675,1.8517535,2.2105995,3.024584025,"exabayes","bristle_binary_v_an_binary","exp","independent"
"alpha2",0.00887797500000001,0.09591,0.219713,0.415552,1.0048314,"exabayes","bristle_binary_v_an_binary","exp","independent"
"beta2",0.597398,0.97146575,1.2182165,1.50209,2.158206025,"exabayes","bristle_binary_v_an_binary","exp","independent"
"Root...P.0.0.",0.002677,0.04101075,0.101676,0.190388,0.381599025,"exabayes","bristle_binary_v_an_binary","exp","independent"
"Root...P.0.1.",0.009037,0.083373,0.163229,0.266729,0.49954705,"exabayes","bristle_binary_v_an_binary","exp","independent"
"Root...P.1.0.",0.017842975,0.147611,0.261957,0.389056,0.629937025,"exabayes","bristle_binary_v_an_binary","exp","independent"
"Root...P.1.1.",0.12577695,0.26684075,0.382078,0.52644425,0.817879025,"exabayes","bristle_binary_v_an_binary","exp","independent"
"Lh",-58.9274399,-55.493043,-54.1433365,-53.064217,-51.618075925,"exabayes","bristle_binary_v_an_binary","exp","dependent"
"q12",0.01371,0.15726575,0.3886495,0.83010275,2.970465375,"exabayes","bristle_binary_v_an_binary","exp","dependent"
"q13",0.008351,0.097683,0.2450655,0.527378,1.86309425,"exabayes","bristle_binary_v_an_binary","exp","dependent"
"q21",3.543982825,8.50742575,12.3365195,17.5824375,33.54263175,"exabayes","bristle_binary_v_an_binary","exp","dependent"
"q24",0.326311625,3.22940225,6.7791445,12.217132,30.922034125,"exabayes","bristle_binary_v_an_binary","exp","dependent"
"q31",0.926219575,7.59424425,14.818041,24.913277,51.312868625,"exabayes","bristle_binary_v_an_binary","exp","dependent"
"q34",0.416148475,4.2530185,9.5600845,17.99973925,43.23542445,"exabayes","bristle_binary_v_an_binary","exp","dependent"
"q42",0.888139975,1.57630975,2.0608915,2.72522425,5.2572613,"exabayes","bristle_binary_v_an_binary","exp","dependent"
"q43",0.010843,0.124979,0.3079035,0.62998825,1.7496202,"exabayes","bristle_binary_v_an_binary","exp","dependent"
"Root...P.0.0.",0.019397975,0.074653,0.121117,0.17531,0.2917,"exabayes","bristle_binary_v_an_binary","exp","dependent"
"Root...P.0.1.",0.109145975,0.292188,0.35654,0.416207,0.581956,"exabayes","bristle_binary_v_an_binary","exp","dependent"
"Root...P.1.0.",0.105888,0.276074,0.350212,0.410068,0.540860025,"exabayes","bristle_binary_v_an_binary","exp","dependent"
"Root...P.1.1.",0.062753975,0.114531,0.157059,0.217744,0.405533025,"exabayes","bristle_binary_v_an_binary","exp","dependent"
"Lh",-84.569085025,-77.582176,-76.318978,-75.76709175,-75.409507,"exabayes","bristle_binary_v_an_binary","rjhp","independent"
"No.Off.Parmeters",1,2,2,2,2,"exabayes","bristle_binary_v_an_binary","rjhp","independent"
"No.Off.Zero",0,0,0,0,1,"exabayes","bristle_binary_v_an_binary","rjhp","independent"
"alpha1",0,0.018563,0.065803,0.17303425,1.0353391,"exabayes","bristle_binary_v_an_binary","rjhp","independent"
"beta1",0.7225649,1.082212,1.282247,1.49021825,1.92787615,"exabayes","bristle_binary_v_an_binary","rjhp","independent"
"alpha2",0.000634,0.023662,0.076218,0.206479,1.196671225,"exabayes","bristle_binary_v_an_binary","rjhp","independent"
"beta2",0.713837975,1.0796895,1.280444,1.488431,1.923752175,"exabayes","bristle_binary_v_an_binary","rjhp","independent"
"Root...P.0.0.",0,0.002591,0.027033,0.115158,0.62933,"exabayes","bristle_binary_v_an_binary","rjhp","independent"
"Root...P.0.1.",0,0.050919,0.139286,0.198875,0.253258,"exabayes","bristle_binary_v_an_binary","rjhp","independent"
"Root...P.1.0.",0.001938,0.063334,0.151469,0.20973125,0.765704,"exabayes","bristle_binary_v_an_binary","rjhp","independent"
"Root...P.1.1.",0.042626,0.359215,0.6448125,0.85900225,0.991662,"exabayes","bristle_binary_v_an_binary","rjhp","independent"
"RJRates...Shape",0.196948975,0.493614,0.680494,0.84234125,0.984015,"exabayes","bristle_binary_v_an_binary","rjhp","independent"
"RJRates...Scale",0.29891095,0.55421975,0.718545,0.86177425,0.986143,"exabayes","bristle_binary_v_an_binary","rjhp","independent"
"Lh",-60.77759325,-58.36069425,-57.76629,-57.28315575,-51.864464775,"exabayes","bristle_binary_v_an_binary","rjhp","dependent"
"No.Off.Parmeters",1,1,1,1,2,"exabayes","bristle_binary_v_an_binary","rjhp","dependent"
"No.Off.Zero",3,3,3,4,4,"exabayes","bristle_binary_v_an_binary","rjhp","dependent"
"q12",0,0,0,0,0,"exabayes","bristle_binary_v_an_binary","rjhp","dependent"
"q13",0,0,0,0,0,"exabayes","bristle_binary_v_an_binary","rjhp","dependent"
"q21",1.866376975,2.56586475,3.0273,3.607174,6.15258505,"exabayes","bristle_binary_v_an_binary","rjhp","dependent"
"q24",1.80953795,2.550207,3.0127235,3.584582,6.01718947499999,"exabayes","bristle_binary_v_an_binary","rjhp","dependent"
"q31",0,0,2.46442,3.198886,5.27236615,"exabayes","bristle_binary_v_an_binary","rjhp","dependent"
"q34",1.605606925,2.51114675,2.9803205,3.53970325,5.863792,"exabayes","bristle_binary_v_an_binary","rjhp","dependent"
"q42",1.377178725,2.3776195,2.8519125,3.352826,4.4487012,"exabayes","bristle_binary_v_an_binary","rjhp","dependent"
"q43",0,0,0,0,0,"exabayes","bristle_binary_v_an_binary","rjhp","dependent"
"Root...P.0.0.",0,0,0,0,0,"exabayes","bristle_binary_v_an_binary","rjhp","dependent"
"Root...P.0.1.",0.422443,0.44559,0.458915,0.767577,0.842501,"exabayes","bristle_binary_v_an_binary","rjhp","dependent"
"Root...P.1.0.",0.003882,0.017056,0.4296595,0.438291,0.457908025,"exabayes","bristle_binary_v_an_binary","rjhp","dependent"
"Root...P.1.1.",0.077687,0.108395,0.128889,0.185538,0.251950025,"exabayes","bristle_binary_v_an_binary","rjhp","dependent"
"RJRates...Shape",0.235385975,0.598262,0.7755155,0.900452,0.990783,"exabayes","bristle_binary_v_an_binary","rjhp","dependent"
"RJRates...Scale",0.492138,0.738349,0.853773,0.934928,0.993996,"exabayes","bristle_binary_v_an_binary","rjhp","dependent"
"Lh",-104.9871471,-101.758491,-100.6315175,-99.85195675,-99.120019775,"hybrid28S","bristle_binary_v_an_binary","uniform","independent"
"alpha1",0.024380975,0.19476,0.376151,0.62647,1.334187025,"hybrid28S","bristle_binary_v_an_binary","uniform","independent"
"beta1",0.908324,1.313915,1.568506,1.854806,2.5090833,"hybrid28S","bristle_binary_v_an_binary","uniform","independent"
"alpha2",0.021021975,0.158064,0.3019135,0.500511,1.058321275,"hybrid28S","bristle_binary_v_an_binary","uniform","independent"
"beta2",0.60776095,0.932733,1.142218,1.381137,1.923503025,"hybrid28S","bristle_binary_v_an_binary","uniform","independent"
"Root...P.0.0.",0.0119,0.110922,0.204002,0.302883,0.4710651,"hybrid28S","bristle_binary_v_an_binary","uniform","independent"
"Root...P.0.1.",0.024736975,0.134187,0.2126735,0.31002,0.53572105,"hybrid28S","bristle_binary_v_an_binary","uniform","independent"
"Root...P.1.0.",0.031491,0.163932,0.2511665,0.353243,0.5868391,"hybrid28S","bristle_binary_v_an_binary","uniform","independent"
"Root...P.1.1.",0.090075,0.181018,0.260142,0.36791425,0.655743025,"hybrid28S","bristle_binary_v_an_binary","uniform","independent"
"Lh",-76.20328315,-72.41288875,-70.966805,-69.885731,-68.41184095,"hybrid28S","bristle_binary_v_an_binary","uniform","dependent"
"q12",0.011451,0.125124,0.293516,0.58969025,2.52636464999999,"hybrid28S","bristle_binary_v_an_binary","uniform","dependent"
"q13",0.015172,0.169969,0.4153005,0.8926245,3.5673403,"hybrid28S","bristle_binary_v_an_binary","uniform","dependent"
"q21",0.968484875,6.62559675,11.935458,20.1077375,54.874730575,"hybrid28S","bristle_binary_v_an_binary","uniform","dependent"
"q24",2.787863925,20.1254745,42.221013,67.6718105,96.41868315,"hybrid28S","bristle_binary_v_an_binary","uniform","dependent"
"q31",3.6024618,26.26582725,46.8519545,69.5869085,96.4526745,"hybrid28S","bristle_binary_v_an_binary","uniform","dependent"
"q34",1.77704235,19.40159925,42.032081,66.958758,96.184633675,"hybrid28S","bristle_binary_v_an_binary","uniform","dependent"
"q42",0.958738975,2.12415975,3.539362,5.76644575,11.8621645,"hybrid28S","bristle_binary_v_an_binary","uniform","dependent"
"q43",0.06687595,0.47115375,0.905138,1.5266485,3.605044125,"hybrid28S","bristle_binary_v_an_binary","uniform","dependent"
"Root...P.0.0.",0.040691975,0.124165,0.180306,0.237644,0.34851305,"hybrid28S","bristle_binary_v_an_binary","uniform","dependent"
"Root...P.0.1.",0.120612,0.236247,0.306486,0.364843,0.506684025,"hybrid28S","bristle_binary_v_an_binary","uniform","dependent"
"Root...P.1.0.",0.166745925,0.324208,0.382659,0.441307,0.569563025,"hybrid28S","bristle_binary_v_an_binary","uniform","dependent"
"Root...P.1.1.",0.066265,0.102139,0.126163,0.15544,0.24249505,"hybrid28S","bristle_binary_v_an_binary","uniform","dependent"
"Lh",-104.78508635,-101.66067525,-100.570915,-99.8183995,-99.11238895,"hybrid28S","bristle_binary_v_an_binary","exp","independent"
"alpha1",0.023349,0.188381,0.364988,0.60804625,1.29292815,"hybrid28S","bristle_binary_v_an_binary","exp","independent"
"beta1",0.898241775,1.29859525,1.5499635,1.833091,2.47698,"hybrid28S","bristle_binary_v_an_binary","exp","independent"
"alpha2",0.020538,0.15456075,0.2954365,0.489482,1.03485515,"hybrid28S","bristle_binary_v_an_binary","exp","independent"
"beta2",0.601548875,0.92314,1.130682,1.36712725,1.901168,"hybrid28S","bristle_binary_v_an_binary","exp","independent"
"Root...P.0.0.",0.011519,0.108448,0.201173,0.300179,0.469667,"hybrid28S","bristle_binary_v_an_binary","exp","independent"
"Root...P.0.1.",0.024136975,0.133036,0.211937,0.30980225,0.535825,"hybrid28S","bristle_binary_v_an_binary","exp","independent"
"Root...P.1.0.",0.031202,0.163434,0.251314,0.354398,0.587499075,"hybrid28S","bristle_binary_v_an_binary","exp","independent"
"Root...P.1.1.",0.090617975,0.182831,0.262908,0.371545,0.66014905,"hybrid28S","bristle_binary_v_an_binary","exp","independent"
"Lh",-74.542674625,-71.19885225,-69.8998375,-68.867122,-67.498958975,"hybrid28S","bristle_binary_v_an_binary","exp","dependent"
"q12",0.009923,0.11236975,0.2713875,0.554469,1.78220435,"hybrid28S","bristle_binary_v_an_binary","exp","dependent"
"q13",0.009533,0.1093,0.270412,0.57320625,1.984526,"hybrid28S","bristle_binary_v_an_binary","exp","dependent"
"q21",2.66002335,7.9418875,11.679421,16.49054725,30.290178975,"hybrid28S","bristle_binary_v_an_binary","exp","dependent"
"q24",1.18033395,5.98101625,10.2700045,16.345172,36.273224325,"hybrid28S","bristle_binary_v_an_binary","exp","dependent"
"q31",0.7937374,6.98062775,13.6023005,22.64942975,47.27220985,"hybrid28S","bristle_binary_v_an_binary","exp","dependent"
"q34",0.483261975,4.511542,9.642112,17.64285625,42.564000325,"hybrid28S","bristle_binary_v_an_binary","exp","dependent"
"q42",0.764617725,1.398303,1.8509845,2.46840025,4.6314068,"hybrid28S","bristle_binary_v_an_binary","exp","dependent"
"q43",0.036893975,0.243464,0.4802215,0.836195,1.96080435,"hybrid28S","bristle_binary_v_an_binary","exp","dependent"
"Root...P.0.0.",0.020368,0.07588575,0.122531,0.177327,0.298133025,"hybrid28S","bristle_binary_v_an_binary","exp","dependent"
"Root...P.0.1.",0.172519,0.332677,0.3884615,0.450504,0.6207971,"hybrid28S","bristle_binary_v_an_binary","exp","dependent"
"Root...P.1.0.",0.09612,0.276104,0.355075,0.412953,0.536068025,"hybrid28S","bristle_binary_v_an_binary","exp","dependent"
"Root...P.1.1.",0.056392,0.093718,0.122627,0.162258,0.2872851,"hybrid28S","bristle_binary_v_an_binary","exp","dependent"
"Lh",-106.7395286,-105.029692,-104.795081,-99.918578,-99.276856975,"hybrid28S","bristle_binary_v_an_binary","rjhp","independent"
"No.Off.Parmeters",1,1,1,2,2,"hybrid28S","bristle_binary_v_an_binary","rjhp","independent"
"No.Off.Zero",0,0,0,0,1,"hybrid28S","bristle_binary_v_an_binary","rjhp","independent"
"alpha1",0.000657975000000006,0.166113,0.623278,0.888067,1.237473175,"hybrid28S","bristle_binary_v_an_binary","rjhp","independent"
"beta1",0.616018,0.84990075,1.0199075,1.22109,1.622699075,"hybrid28S","bristle_binary_v_an_binary","rjhp","independent"
"alpha2",0.004844,0.17255775,0.6363055,0.893251,1.247269025,"hybrid28S","bristle_binary_v_an_binary","rjhp","independent"
"beta2",0.611111975,0.847764,1.017795,1.21896425,1.618637025,"hybrid28S","bristle_binary_v_an_binary","rjhp","independent"
"Root...P.0.0.",0,0.114038,0.5448555,0.609517,0.625128,"hybrid28S","bristle_binary_v_an_binary","rjhp","independent"
"Root...P.0.1.",0.00201797500000001,0.167882,0.173695,0.22349,0.249991,"hybrid28S","bristle_binary_v_an_binary","rjhp","independent"
"Root...P.1.0.",0.014551975,0.168106,0.173988,0.226203,0.376154049999996,"hybrid28S","bristle_binary_v_an_binary","rjhp","independent"
"Root...P.1.1.",0.043824,0.048082,0.0678205,0.384157,0.917312,"hybrid28S","bristle_binary_v_an_binary","rjhp","independent"
"RJRates...Shape",0.19984195,0.527029,0.7155265,0.865205,0.986953025,"hybrid28S","bristle_binary_v_an_binary","rjhp","independent"
"RJRates...Scale",0.279741,0.53694875,0.705923,0.854795,0.98535,"hybrid28S","bristle_binary_v_an_binary","rjhp","independent"
"Lh",-79.477707225,-73.473294,-71.561545,-70.0376,-68.43357095,"hybrid28S","bristle_binary_v_an_binary","rjhp","dependent"
"No.Off.Parmeters",2,2,2,2,3,"hybrid28S","bristle_binary_v_an_binary","rjhp","dependent"
"No.Off.Zero",1,2,2,2,3,"hybrid28S","bristle_binary_v_an_binary","rjhp","dependent"
"q12",0,0,0,0,0.712844075,"hybrid28S","bristle_binary_v_an_binary","rjhp","dependent"
"q13",0,0,0,0,0.803443125,"hybrid28S","bristle_binary_v_an_binary","rjhp","dependent"
"q21",2.486805675,4.849905,5.85479,6.981071,9.64965097499999,"hybrid28S","bristle_binary_v_an_binary","rjhp","dependent"
"q24",0,4.11311925,5.4669825,6.66448475,9.305038075,"hybrid28S","bristle_binary_v_an_binary","rjhp","dependent"
"q31",0,4.60540775,5.7222535,6.890056,9.607150625,"hybrid28S","bristle_binary_v_an_binary","rjhp","dependent"
"q34",0,4.209488,5.5780995,6.8084805,9.554821125,"hybrid28S","bristle_binary_v_an_binary","rjhp","dependent"
"q42",0.477624975,0.730395,0.9038365,1.1306,2.51134405,"hybrid28S","bristle_binary_v_an_binary","rjhp","dependent"
"q43",0,0.624027,0.816075,1.00636525,1.425974075,"hybrid28S","bristle_binary_v_an_binary","rjhp","dependent"
"Root...P.0.0.",0,0,0,0,0.194504025,"hybrid28S","bristle_binary_v_an_binary","rjhp","dependent"
"Root...P.0.1.",0,0.43567675,0.461295,0.473728,0.846659025,"hybrid28S","bristle_binary_v_an_binary","rjhp","dependent"
"Root...P.1.0.",0,0.40414775,0.459864,0.471479,0.792103,"hybrid28S","bristle_binary_v_an_binary","rjhp","dependent"
"Root...P.1.1.",0.038038,0.065616,0.08493,0.122989,0.241096025,"hybrid28S","bristle_binary_v_an_binary","rjhp","dependent"
"RJRates...Shape",0.3750488,0.694389,0.832342,0.92618025,0.993295,"hybrid28S","bristle_binary_v_an_binary","rjhp","dependent"
"RJRates...Scale",0.63157095,0.830291,0.90886,0.96038,0.996401,"hybrid28S","bristle_binary_v_an_binary","rjhp","dependent"
